This is XeTeX, Version 3.141592653-2.6-0.999998 (TeX Live 2026) (preloaded format=xelatex 2026.3.6)  9 MAR 2026 06:08
entering extended mode
 restricted \write18 enabled.
 %&-line parsing enabled.
**Term_Project_Document.tex
(./Term_Project_Document.tex
LaTeX2e <2025-11-01>
L3 programming layer <2026-01-19>
(/usr/local/texlive/2026/texmf-dist/tex/latex/base/report.cls
Document Class: report 2025/01/22 v1.4n Standard LaTeX document class
(/usr/local/texlive/2026/texmf-dist/tex/latex/base/size10.clo
File: size10.clo 2025/01/22 v1.4n Standard LaTeX file (size option)
)
\c@part=\count271
\c@chapter=\count272
\c@section=\count273
\c@subsection=\count274
\c@subsubsection=\count275
\c@paragraph=\count276
\c@subparagraph=\count277
\c@figure=\count278
\c@table=\count279
\abovecaptionskip=\skip49
\belowcaptionskip=\skip50
\bibindent=\dimen148
)
(/usr/local/texlive/2026/texmf-dist/tex/latex/geometry/geometry.sty
Package: geometry 2020/01/02 v5.9 Page Geometry

(/usr/local/texlive/2026/texmf-dist/tex/latex/graphics/keyval.sty
Package: keyval 2022/05/29 v1.15 key=value parser (DPC)
\KV@toks@=\toks17
)
(/usr/local/texlive/2026/texmf-dist/tex/generic/iftex/ifvtex.sty
Package: ifvtex 2019/10/25 v1.7 ifvtex legacy package. Use iftex instead.

(/usr/local/texlive/2026/texmf-dist/tex/generic/iftex/iftex.sty
Package: iftex 2024/12/12 v1.0g TeX engine tests
))
\Gm@cnth=\count280
\Gm@cntv=\count281
\c@Gm@tempcnt=\count282
\Gm@bindingoffset=\dimen149
\Gm@wd@mp=\dimen150
\Gm@odd@mp=\dimen151
\Gm@even@mp=\dimen152
\Gm@layoutwidth=\dimen153
\Gm@layoutheight=\dimen154
\Gm@layouthoffset=\dimen155
\Gm@layoutvoffset=\dimen156
\Gm@dimlist=\toks18
)
(/usr/local/texlive/2026/texmf-dist/tex/latex/listings/listings.sty
\lst@mode=\count283
\lst@gtempboxa=\box53
\lst@token=\toks19
\lst@length=\count284
\lst@currlwidth=\dimen157
\lst@column=\count285
\lst@pos=\count286
\lst@lostspace=\dimen158
\lst@width=\dimen159
\lst@newlines=\count287
\lst@lineno=\count288
\lst@maxwidth=\dimen160

(/usr/local/texlive/2026/texmf-dist/tex/latex/listings/lstpatch.sty
File: lstpatch.sty 2025/11/14 1.11b (Carsten Heinz)
)
(/usr/local/texlive/2026/texmf-dist/tex/latex/listings/lstmisc.sty
File: lstmisc.sty 2025/11/14 1.11b (Carsten Heinz)
\c@lstnumber=\count289
\lst@skipnumbers=\count290
\lst@framebox=\box54
)
(/usr/local/texlive/2026/texmf-dist/tex/latex/listings/listings.cfg
File: listings.cfg 2025/11/14 1.11b listings configuration
))
Package: listings 2025/11/14 1.11b (Carsten Heinz)

==> First Aid for listings.sty no longer applied!
    Expected:
        2024/09/23 1.10c (Carsten Heinz)
    but found:
        2025/11/14 1.11b (Carsten Heinz)
    so I'm assuming it got fixed.
(/usr/local/texlive/2026/texmf-dist/tex/latex/xcolor/xcolor.sty
Package: xcolor 2024/09/29 v3.02 LaTeX color extensions (UK)

(/usr/local/texlive/2026/texmf-dist/tex/latex/graphics-cfg/color.cfg
File: color.cfg 2016/01/02 v1.6 sample color configuration
)
Package xcolor Info: Driver file: xetex.def on input line 274.

(/usr/local/texlive/2026/texmf-dist/tex/latex/graphics-def/xetex.def
File: xetex.def 2025/11/01 v5.0p Graphics/color driver for xetex
)
(/usr/local/texlive/2026/texmf-dist/tex/latex/graphics/mathcolor.ltx)
Package xcolor Info: Model `cmy' substituted by `cmy0' on input line 1349.
Package xcolor Info: Model `RGB' extended on input line 1365.
Package xcolor Info: Model `HTML' substituted by `rgb' on input line 1367.
Package xcolor Info: Model `Hsb' substituted by `hsb' on input line 1368.
Package xcolor Info: Model `tHsb' substituted by `hsb' on input line 1369.
Package xcolor Info: Model `HSB' substituted by `hsb' on input line 1370.
Package xcolor Info: Model `Gray' substituted by `gray' on input line 1371.
Package xcolor Info: Model `wave' substituted by `hsb' on input line 1372.
)
(/usr/local/texlive/2026/texmf-dist/tex/latex/fontspec/fontspec.sty
(/usr/local/texlive/2026/texmf-dist/tex/latex/l3packages/xparse/xparse.sty
(/usr/local/texlive/2026/texmf-dist/tex/latex/l3kernel/expl3.sty
Package: expl3 2026-01-19 L3 programming layer (loader) 

(/usr/local/texlive/2026/texmf-dist/tex/latex/l3backend/l3backend-xetex.def
File: l3backend-xetex.def 2025-10-09 L3 backend support: XeTeX
\g__graphics_track_int=\count291
\g__pdfannot_backend_int=\count292
\g__pdfannot_backend_link_int=\count293
))
Package: xparse 2025-10-09 L3 Experimental document command parser
)
Package: fontspec 2025/09/29 v2.9g Font selection for XeLaTeX and LuaLaTeX

(/usr/local/texlive/2026/texmf-dist/tex/latex/fontspec/fontspec-xetex.sty
Package: fontspec-xetex 2025/09/29 v2.9g Font selection for XeLaTeX and LuaLaTe
X
\l__fontspec_script_int=\count294
\l__fontspec_language_int=\count295
\l__fontspec_strnum_int=\count296
\l__fontspec_tmp_int=\count297
\l__fontspec_tmpa_int=\count298
\l__fontspec_tmpb_int=\count299
\l__fontspec_tmpc_int=\count300
\l__fontspec_em_int=\count301
\l__fontspec_emdef_int=\count302
\l__fontspec_strong_int=\count303
\l__fontspec_strongdef_int=\count304
\l__fontspec_tmpa_dim=\dimen161
\l__fontspec_tmpb_dim=\dimen162
\l__fontspec_tmpc_dim=\dimen163

(/usr/local/texlive/2026/texmf-dist/tex/latex/base/fontenc.sty
Package: fontenc 2025/07/18 v2.1d Standard LaTeX package
)
(/usr/local/texlive/2026/texmf-dist/tex/latex/fontspec/fontspec.cfg)))
(/usr/local/texlive/2026/texmf-dist/tex/latex/caption/caption.sty
Package: caption 2023/08/05 v3.6o Customizing captions (AR)

(/usr/local/texlive/2026/texmf-dist/tex/latex/caption/caption3.sty
Package: caption3 2023/07/31 v2.4d caption3 kernel (AR)
\caption@tempdima=\dimen164
\captionmargin=\dimen165
\caption@leftmargin=\dimen166
\caption@rightmargin=\dimen167
\caption@width=\dimen168
\caption@indent=\dimen169
\caption@parindent=\dimen170
\caption@hangindent=\dimen171
Package caption Info: Standard document class detected.
)
\c@caption@flags=\count305
\c@continuedfloat=\count306
Package caption Info: listings package is loaded.
)
(/usr/local/texlive/2026/texmf-dist/tex/latex/graphics/graphicx.sty
Package: graphicx 2024/12/31 v1.2e Enhanced LaTeX Graphics (DPC,SPQR)

(/usr/local/texlive/2026/texmf-dist/tex/latex/graphics/graphics.sty
Package: graphics 2024/08/06 v1.4g Standard LaTeX Graphics (DPC,SPQR)

(/usr/local/texlive/2026/texmf-dist/tex/latex/graphics/trig.sty
Package: trig 2023/12/02 v1.11 sin cos tan (DPC)
)
(/usr/local/texlive/2026/texmf-dist/tex/latex/graphics-cfg/graphics.cfg
File: graphics.cfg 2016/06/04 v1.11 sample graphics configuration
)
Package graphics Info: Driver file: xetex.def on input line 106.
)
\Gin@req@height=\dimen172
\Gin@req@width=\dimen173
)
(/usr/local/texlive/2026/texmf-dist/tex/latex/hyperref/hyperref.sty
Package: hyperref 2026-01-29 v7.01p Hypertext links for LaTeX

(/usr/local/texlive/2026/texmf-dist/tex/latex/kvsetkeys/kvsetkeys.sty
Package: kvsetkeys 2022-10-05 v1.19 Key value parser (HO)
)
(/usr/local/texlive/2026/texmf-dist/tex/generic/kvdefinekeys/kvdefinekeys.sty
Package: kvdefinekeys 2019-12-19 v1.6 Define keys (HO)
)
(/usr/local/texlive/2026/texmf-dist/tex/generic/pdfescape/pdfescape.sty
Package: pdfescape 2019/12/09 v1.15 Implements pdfTeX's escape features (HO)

(/usr/local/texlive/2026/texmf-dist/tex/generic/ltxcmds/ltxcmds.sty
Package: ltxcmds 2023-12-04 v1.26 LaTeX kernel commands for general use (HO)
)
(/usr/local/texlive/2026/texmf-dist/tex/generic/pdftexcmds/pdftexcmds.sty
Package: pdftexcmds 2020-06-27 v0.33 Utility functions of pdfTeX for LuaTeX (HO
)

(/usr/local/texlive/2026/texmf-dist/tex/generic/infwarerr/infwarerr.sty
Package: infwarerr 2019/12/03 v1.5 Providing info/warning/error messages (HO)
)
Package pdftexcmds Info: \pdf@primitive is available.
Package pdftexcmds Info: \pdf@ifprimitive is available.
Package pdftexcmds Info: \pdfdraftmode not found.
))
(/usr/local/texlive/2026/texmf-dist/tex/latex/hycolor/hycolor.sty
Package: hycolor 2020-01-27 v1.10 Color options for hyperref/bookmark (HO)
)
(/usr/local/texlive/2026/texmf-dist/tex/latex/hyperref/nameref.sty
Package: nameref 2026-01-29 v2.58 Cross-referencing by name of section

(/usr/local/texlive/2026/texmf-dist/tex/latex/refcount/refcount.sty
Package: refcount 2019/12/15 v3.6 Data extraction from label references (HO)
)
(/usr/local/texlive/2026/texmf-dist/tex/generic/gettitlestring/gettitlestring.s
ty
Package: gettitlestring 2019/12/15 v1.6 Cleanup title references (HO)
 (/usr/local/texlive/2026/texmf-dist/tex/latex/kvoptions/kvoptions.sty
Package: kvoptions 2022-06-15 v3.15 Key value format for package options (HO)
))
\c@section@level=\count307
)
(/usr/local/texlive/2026/texmf-dist/tex/latex/etoolbox/etoolbox.sty
Package: etoolbox 2025/10/02 v2.5m e-TeX tools for LaTeX (JAW)
\etb@tempcnta=\count308
)
(/usr/local/texlive/2026/texmf-dist/tex/generic/stringenc/stringenc.sty
Package: stringenc 2019/11/29 v1.12 Convert strings between diff. encodings (HO
)
)
\@linkdim=\dimen174
\Hy@linkcounter=\count309
\Hy@pagecounter=\count310

(/usr/local/texlive/2026/texmf-dist/tex/latex/hyperref/pd1enc.def
File: pd1enc.def 2026-01-29 v7.01p Hyperref: PDFDocEncoding definition (HO)
)
(/usr/local/texlive/2026/texmf-dist/tex/generic/intcalc/intcalc.sty
Package: intcalc 2019/12/15 v1.3 Expandable calculations with integers (HO)
)
\Hy@SavedSpaceFactor=\count311

(/usr/local/texlive/2026/texmf-dist/tex/latex/hyperref/puenc.def
File: puenc.def 2026-01-29 v7.01p Hyperref: PDF Unicode definition (HO)
)
Package hyperref Info: Hyper figures OFF on input line 4201.
Package hyperref Info: Link nesting OFF on input line 4206.
Package hyperref Info: Hyper index ON on input line 4209.
Package hyperref Info: Plain pages OFF on input line 4216.
Package hyperref Info: Backreferencing OFF on input line 4221.
Package hyperref Info: Implicit mode ON; LaTeX internals redefined.
Package hyperref Info: Bookmarks ON on input line 4468.
\c@Hy@tempcnt=\count312

(/usr/local/texlive/2026/texmf-dist/tex/latex/url/url.sty
\Urlmuskip=\muskip17
Package: url 2013/09/16  ver 3.4  Verb mode for urls, etc.
)
LaTeX Info: Redefining \url on input line 4807.
\XeTeXLinkMargin=\dimen175

(/usr/local/texlive/2026/texmf-dist/tex/generic/bitset/bitset.sty
Package: bitset 2019/12/09 v1.3 Handle bit-vector datatype (HO)

(/usr/local/texlive/2026/texmf-dist/tex/generic/bigintcalc/bigintcalc.sty
Package: bigintcalc 2019/12/15 v1.5 Expandable calculations on big integers (HO
)
))
\Fld@menulength=\count313
\Field@Width=\dimen176
\Fld@charsize=\dimen177
Package hyperref Info: Hyper figures OFF on input line 6084.
Package hyperref Info: Link nesting OFF on input line 6089.
Package hyperref Info: Hyper index ON on input line 6092.
Package hyperref Info: backreferencing OFF on input line 6099.
Package hyperref Info: Link coloring OFF on input line 6104.
Package hyperref Info: Link coloring with OCG OFF on input line 6109.
Package hyperref Info: PDF/A mode OFF on input line 6114.
\Hy@abspage=\count314
\c@Item=\count315
\c@Hfootnote=\count316
)
Package hyperref Info: Driver (autodetected): hxetex.

(/usr/local/texlive/2026/texmf-dist/tex/latex/hyperref/hxetex.def
File: hxetex.def 2026-01-29 v7.01p Hyperref driver for XeTeX
\pdfm@box=\box55
\c@Hy@AnnotLevel=\count317
\HyField@AnnotCount=\count318
\Fld@listcount=\count319
\c@bookmark@seq@number=\count320

(/usr/local/texlive/2026/texmf-dist/tex/latex/rerunfilecheck/rerunfilecheck.sty
Package: rerunfilecheck 2025-06-21 v1.11 Rerun checks for auxiliary files (HO)

(/usr/local/texlive/2026/texmf-dist/tex/generic/uniquecounter/uniquecounter.sty
Package: uniquecounter 2019/12/15 v1.4 Provide unlimited unique counter (HO)
)
Package uniquecounter Info: New unique counter `rerunfilecheck' on input line 2
84.
)
\Hy@SectionHShift=\skip51
) (/usr/local/texlive/2026/texmf-dist/tex/latex/tools/longtable.sty
Package: longtable 2025-10-13 v4.24 Multi-page Table package (DPC)
\LTleft=\skip52
\LTright=\skip53
\LTpre=\skip54
\LTpost=\skip55
\LTchunksize=\count321
\LTcapwidth=\dimen178
\LT@head=\box56
\LT@firsthead=\box57
\LT@foot=\box58
\LT@lastfoot=\box59
\LT@gbox=\box60
\LT@cols=\count322
\LT@rows=\count323
\c@LT@tables=\count324
\c@LT@chunks=\count325
\LT@p@ftn=\toks20
)
(/usr/local/texlive/2026/texmf-dist/tex/latex/booktabs/booktabs.sty
Package: booktabs 2020/01/12 v1.61803398 Publication quality tables
\heavyrulewidth=\dimen179
\lightrulewidth=\dimen180
\cmidrulewidth=\dimen181
\belowrulesep=\dimen182
\belowbottomsep=\dimen183
\aboverulesep=\dimen184
\abovetopsep=\dimen185
\cmidrulesep=\dimen186
\cmidrulekern=\dimen187
\defaultaddspace=\dimen188
\@cmidla=\count326
\@cmidlb=\count327
\@aboverulesep=\dimen189
\@belowrulesep=\dimen190
\@thisruleclass=\count328
\@lastruleclass=\count329
\@thisrulewidth=\dimen191
)
(/usr/local/texlive/2026/texmf-dist/tex/latex/pgf/frontendlayer/tikz.sty
(/usr/local/texlive/2026/texmf-dist/tex/latex/pgf/basiclayer/pgf.sty
(/usr/local/texlive/2026/texmf-dist/tex/latex/pgf/utilities/pgfrcs.sty
(/usr/local/texlive/2026/texmf-dist/tex/generic/pgf/utilities/pgfutil-common.te
x
\pgfutil@everybye=\toks21
\pgfutil@tempdima=\dimen192
\pgfutil@tempdimb=\dimen193
)
(/usr/local/texlive/2026/texmf-dist/tex/generic/pgf/utilities/pgfutil-latex.def
\pgfutil@abb=\box61
) (/usr/local/texlive/2026/texmf-dist/tex/generic/pgf/utilities/pgfrcs.code.tex
(/usr/local/texlive/2026/texmf-dist/tex/generic/pgf/pgf.revision.tex)
Package: pgfrcs 2025-08-29 v3.1.11a (3.1.11a)
))
Package: pgf 2025-08-29 v3.1.11a (3.1.11a)

(/usr/local/texlive/2026/texmf-dist/tex/latex/pgf/basiclayer/pgfcore.sty
(/usr/local/texlive/2026/texmf-dist/tex/latex/pgf/systemlayer/pgfsys.sty
(/usr/local/texlive/2026/texmf-dist/tex/generic/pgf/systemlayer/pgfsys.code.tex
Package: pgfsys 2025-08-29 v3.1.11a (3.1.11a)
(/usr/local/texlive/2026/texmf-dist/tex/generic/pgf/utilities/pgfkeys.code.tex
\pgfkeys@pathtoks=\toks22
\pgfkeys@temptoks=\toks23

(/usr/local/texlive/2026/texmf-dist/tex/generic/pgf/utilities/pgfkeyslibraryfil
tered.code.tex
\pgfkeys@tmptoks=\toks24
))
\pgf@x=\dimen194
\pgf@y=\dimen195
\pgf@xa=\dimen196
\pgf@ya=\dimen197
\pgf@xb=\dimen198
\pgf@yb=\dimen199
\pgf@xc=\dimen256
\pgf@yc=\dimen257
\pgf@xd=\dimen258
\pgf@yd=\dimen259
\w@pgf@writea=\write3
\r@pgf@reada=\read2
\c@pgf@counta=\count330
\c@pgf@countb=\count331
\c@pgf@countc=\count332
\c@pgf@countd=\count333
\t@pgf@toka=\toks25
\t@pgf@tokb=\toks26
\t@pgf@tokc=\toks27
\pgf@sys@id@count=\count334

(/usr/local/texlive/2026/texmf-dist/tex/generic/pgf/systemlayer/pgf.cfg
File: pgf.cfg 2025-08-29 v3.1.11a (3.1.11a)
)
Driver file for pgf: pgfsys-xetex.def

(/usr/local/texlive/2026/texmf-dist/tex/generic/pgf/systemlayer/pgfsys-xetex.de
f
File: pgfsys-xetex.def 2025-08-29 v3.1.11a (3.1.11a)

(/usr/local/texlive/2026/texmf-dist/tex/generic/pgf/systemlayer/pgfsys-dvipdfmx
.def
File: pgfsys-dvipdfmx.def 2025-08-29 v3.1.11a (3.1.11a)

(/usr/local/texlive/2026/texmf-dist/tex/generic/pgf/systemlayer/pgfsys-common-p
df.def
File: pgfsys-common-pdf.def 2025-08-29 v3.1.11a (3.1.11a)
)
\pgfsys@objnum=\count335
)))
(/usr/local/texlive/2026/texmf-dist/tex/generic/pgf/systemlayer/pgfsyssoftpath.
code.tex
File: pgfsyssoftpath.code.tex 2025-08-29 v3.1.11a (3.1.11a)
\pgfsyssoftpath@smallbuffer@items=\count336
\pgfsyssoftpath@bigbuffer@items=\count337
)
(/usr/local/texlive/2026/texmf-dist/tex/generic/pgf/systemlayer/pgfsysprotocol.
code.tex
File: pgfsysprotocol.code.tex 2025-08-29 v3.1.11a (3.1.11a)
))
(/usr/local/texlive/2026/texmf-dist/tex/generic/pgf/basiclayer/pgfcore.code.tex
Package: pgfcore 2025-08-29 v3.1.11a (3.1.11a)
(/usr/local/texlive/2026/texmf-dist/tex/generic/pgf/math/pgfmath.code.tex
(/usr/local/texlive/2026/texmf-dist/tex/generic/pgf/math/pgfmathutil.code.tex)
(/usr/local/texlive/2026/texmf-dist/tex/generic/pgf/math/pgfmathparser.code.tex
\pgfmath@dimen=\dimen260
\pgfmath@count=\count338
\pgfmath@box=\box62
\pgfmath@toks=\toks28
\pgfmath@stack@operand=\toks29
\pgfmath@stack@operation=\toks30
)
(/usr/local/texlive/2026/texmf-dist/tex/generic/pgf/math/pgfmathfunctions.code.
tex)
(/usr/local/texlive/2026/texmf-dist/tex/generic/pgf/math/pgfmathfunctions.basic
.code.tex)
(/usr/local/texlive/2026/texmf-dist/tex/generic/pgf/math/pgfmathfunctions.trigo
nometric.code.tex)
(/usr/local/texlive/2026/texmf-dist/tex/generic/pgf/math/pgfmathfunctions.rando
m.code.tex)
(/usr/local/texlive/2026/texmf-dist/tex/generic/pgf/math/pgfmathfunctions.compa
rison.code.tex)
(/usr/local/texlive/2026/texmf-dist/tex/generic/pgf/math/pgfmathfunctions.base.
code.tex)
(/usr/local/texlive/2026/texmf-dist/tex/generic/pgf/math/pgfmathfunctions.round
.code.tex)
(/usr/local/texlive/2026/texmf-dist/tex/generic/pgf/math/pgfmathfunctions.misc.
code.tex)
(/usr/local/texlive/2026/texmf-dist/tex/generic/pgf/math/pgfmathfunctions.integ
erarithmetics.code.tex)
(/usr/local/texlive/2026/texmf-dist/tex/generic/pgf/math/pgfmathcalc.code.tex)
(/usr/local/texlive/2026/texmf-dist/tex/generic/pgf/math/pgfmathfloat.code.tex
\c@pgfmathroundto@lastzeros=\count339
)) (/usr/local/texlive/2026/texmf-dist/tex/generic/pgf/math/pgfint.code.tex)
(/usr/local/texlive/2026/texmf-dist/tex/generic/pgf/basiclayer/pgfcorepoints.co
de.tex
File: pgfcorepoints.code.tex 2025-08-29 v3.1.11a (3.1.11a)
\pgf@picminx=\dimen261
\pgf@picmaxx=\dimen262
\pgf@picminy=\dimen263
\pgf@picmaxy=\dimen264
\pgf@pathminx=\dimen265
\pgf@pathmaxx=\dimen266
\pgf@pathminy=\dimen267
\pgf@pathmaxy=\dimen268
\pgf@xx=\dimen269
\pgf@xy=\dimen270
\pgf@yx=\dimen271
\pgf@yy=\dimen272
\pgf@zx=\dimen273
\pgf@zy=\dimen274
)
(/usr/local/texlive/2026/texmf-dist/tex/generic/pgf/basiclayer/pgfcorepathconst
ruct.code.tex
File: pgfcorepathconstruct.code.tex 2025-08-29 v3.1.11a (3.1.11a)
\pgf@path@lastx=\dimen275
\pgf@path@lasty=\dimen276
)
(/usr/local/texlive/2026/texmf-dist/tex/generic/pgf/basiclayer/pgfcorepathusage
.code.tex
File: pgfcorepathusage.code.tex 2025-08-29 v3.1.11a (3.1.11a)
\pgf@shorten@end@additional=\dimen277
\pgf@shorten@start@additional=\dimen278
)
(/usr/local/texlive/2026/texmf-dist/tex/generic/pgf/basiclayer/pgfcorescopes.co
de.tex
File: pgfcorescopes.code.tex 2025-08-29 v3.1.11a (3.1.11a)
\pgfpic=\box63
\pgf@hbox=\box64
\pgf@layerbox@main=\box65
\pgf@picture@serial@count=\count340
)
(/usr/local/texlive/2026/texmf-dist/tex/generic/pgf/basiclayer/pgfcoregraphicst
ate.code.tex
File: pgfcoregraphicstate.code.tex 2025-08-29 v3.1.11a (3.1.11a)
\pgflinewidth=\dimen279
)
(/usr/local/texlive/2026/texmf-dist/tex/generic/pgf/basiclayer/pgfcoretransform
ations.code.tex
File: pgfcoretransformations.code.tex 2025-08-29 v3.1.11a (3.1.11a)
\pgf@pt@x=\dimen280
\pgf@pt@y=\dimen281
\pgf@pt@temp=\dimen282
)
(/usr/local/texlive/2026/texmf-dist/tex/generic/pgf/basiclayer/pgfcorequick.cod
e.tex
File: pgfcorequick.code.tex 2025-08-29 v3.1.11a (3.1.11a)
)
(/usr/local/texlive/2026/texmf-dist/tex/generic/pgf/basiclayer/pgfcoreobjects.c
ode.tex
File: pgfcoreobjects.code.tex 2025-08-29 v3.1.11a (3.1.11a)
)
(/usr/local/texlive/2026/texmf-dist/tex/generic/pgf/basiclayer/pgfcorepathproce
ssing.code.tex
File: pgfcorepathprocessing.code.tex 2025-08-29 v3.1.11a (3.1.11a)
)
(/usr/local/texlive/2026/texmf-dist/tex/generic/pgf/basiclayer/pgfcorearrows.co
de.tex
File: pgfcorearrows.code.tex 2025-08-29 v3.1.11a (3.1.11a)
\pgfarrowsep=\dimen283
)
(/usr/local/texlive/2026/texmf-dist/tex/generic/pgf/basiclayer/pgfcoreshade.cod
e.tex
File: pgfcoreshade.code.tex 2025-08-29 v3.1.11a (3.1.11a)
\pgf@max=\dimen284
\pgf@sys@shading@range@num=\count341
\pgf@shadingcount=\count342
)
(/usr/local/texlive/2026/texmf-dist/tex/generic/pgf/basiclayer/pgfcoreimage.cod
e.tex
File: pgfcoreimage.code.tex 2025-08-29 v3.1.11a (3.1.11a)
)
(/usr/local/texlive/2026/texmf-dist/tex/generic/pgf/basiclayer/pgfcoreexternal.
code.tex
File: pgfcoreexternal.code.tex 2025-08-29 v3.1.11a (3.1.11a)
\pgfexternal@startupbox=\box66
)
(/usr/local/texlive/2026/texmf-dist/tex/generic/pgf/basiclayer/pgfcorelayers.co
de.tex
File: pgfcorelayers.code.tex 2025-08-29 v3.1.11a (3.1.11a)
)
(/usr/local/texlive/2026/texmf-dist/tex/generic/pgf/basiclayer/pgfcoretranspare
ncy.code.tex
File: pgfcoretransparency.code.tex 2025-08-29 v3.1.11a (3.1.11a)
)
(/usr/local/texlive/2026/texmf-dist/tex/generic/pgf/basiclayer/pgfcorepatterns.
code.tex
File: pgfcorepatterns.code.tex 2025-08-29 v3.1.11a (3.1.11a)
)
(/usr/local/texlive/2026/texmf-dist/tex/generic/pgf/basiclayer/pgfcorerdf.code.
tex
File: pgfcorerdf.code.tex 2025-08-29 v3.1.11a (3.1.11a)
)))
(/usr/local/texlive/2026/texmf-dist/tex/generic/pgf/modules/pgfmoduleshapes.cod
e.tex
File: pgfmoduleshapes.code.tex 2025-08-29 v3.1.11a (3.1.11a)
\pgfnodeparttextbox=\box67
)
(/usr/local/texlive/2026/texmf-dist/tex/generic/pgf/modules/pgfmoduleplot.code.
tex
File: pgfmoduleplot.code.tex 2025-08-29 v3.1.11a (3.1.11a)
)
(/usr/local/texlive/2026/texmf-dist/tex/latex/pgf/compatibility/pgfcomp-version
-0-65.sty
Package: pgfcomp-version-0-65 2025-08-29 v3.1.11a (3.1.11a)
\pgf@nodesepstart=\dimen285
\pgf@nodesepend=\dimen286
)
(/usr/local/texlive/2026/texmf-dist/tex/latex/pgf/compatibility/pgfcomp-version
-1-18.sty
Package: pgfcomp-version-1-18 2025-08-29 v3.1.11a (3.1.11a)
))
(/usr/local/texlive/2026/texmf-dist/tex/latex/pgf/utilities/pgffor.sty
(/usr/local/texlive/2026/texmf-dist/tex/latex/pgf/utilities/pgfkeys.sty
(/usr/local/texlive/2026/texmf-dist/tex/generic/pgf/utilities/pgfkeys.code.tex)
) (/usr/local/texlive/2026/texmf-dist/tex/latex/pgf/math/pgfmath.sty
(/usr/local/texlive/2026/texmf-dist/tex/generic/pgf/math/pgfmath.code.tex))
(/usr/local/texlive/2026/texmf-dist/tex/generic/pgf/utilities/pgffor.code.tex
Package: pgffor 2025-08-29 v3.1.11a (3.1.11a)
\pgffor@iter=\dimen287
\pgffor@skip=\dimen288
\pgffor@stack=\toks31
\pgffor@toks=\toks32
))
(/usr/local/texlive/2026/texmf-dist/tex/generic/pgf/frontendlayer/tikz/tikz.cod
e.tex
Package: tikz 2025-08-29 v3.1.11a (3.1.11a)

(/usr/local/texlive/2026/texmf-dist/tex/generic/pgf/libraries/pgflibraryplothan
dlers.code.tex
File: pgflibraryplothandlers.code.tex 2025-08-29 v3.1.11a (3.1.11a)
\pgf@plot@mark@count=\count343
\pgfplotmarksize=\dimen289
)
\tikz@lastx=\dimen290
\tikz@lasty=\dimen291
\tikz@lastxsaved=\dimen292
\tikz@lastysaved=\dimen293
\tikz@lastmovetox=\dimen294
\tikz@lastmovetoy=\dimen295
\tikzleveldistance=\dimen296
\tikzsiblingdistance=\dimen297
\tikz@figbox=\box68
\tikz@figbox@bg=\box69
\tikz@tempbox=\box70
\tikz@tempbox@bg=\box71
\tikztreelevel=\count344
\tikznumberofchildren=\count345
\tikznumberofcurrentchild=\count346
\tikz@fig@count=\count347

(/usr/local/texlive/2026/texmf-dist/tex/generic/pgf/modules/pgfmodulematrix.cod
e.tex
File: pgfmodulematrix.code.tex 2025-08-29 v3.1.11a (3.1.11a)
\pgfmatrixcurrentrow=\count348
\pgfmatrixcurrentcolumn=\count349
\pgf@matrix@numberofcolumns=\count350
)
\tikz@expandcount=\count351

(/usr/local/texlive/2026/texmf-dist/tex/generic/pgf/frontendlayer/tikz/librarie
s/tikzlibrarytopaths.code.tex
File: tikzlibrarytopaths.code.tex 2025-08-29 v3.1.11a (3.1.11a)
)))
(/usr/local/texlive/2026/texmf-dist/tex/generic/pgf/frontendlayer/tikz/librarie
s/tikzlibraryshapes.code.tex
File: tikzlibraryshapes.code.tex 2025-08-29 v3.1.11a (3.1.11a)

(/usr/local/texlive/2026/texmf-dist/tex/generic/pgf/frontendlayer/tikz/librarie
s/tikzlibraryshapes.geometric.code.tex
File: tikzlibraryshapes.geometric.code.tex 2025-08-29 v3.1.11a (3.1.11a)

(/usr/local/texlive/2026/texmf-dist/tex/generic/pgf/libraries/shapes/pgflibrary
shapes.geometric.code.tex
File: pgflibraryshapes.geometric.code.tex 2025-08-29 v3.1.11a (3.1.11a)
))
(/usr/local/texlive/2026/texmf-dist/tex/generic/pgf/frontendlayer/tikz/librarie
s/tikzlibraryshapes.misc.code.tex
File: tikzlibraryshapes.misc.code.tex 2025-08-29 v3.1.11a (3.1.11a)

(/usr/local/texlive/2026/texmf-dist/tex/generic/pgf/libraries/shapes/pgflibrary
shapes.misc.code.tex
File: pgflibraryshapes.misc.code.tex 2025-08-29 v3.1.11a (3.1.11a)
))
(/usr/local/texlive/2026/texmf-dist/tex/generic/pgf/frontendlayer/tikz/librarie
s/tikzlibraryshapes.symbols.code.tex
File: tikzlibraryshapes.symbols.code.tex 2025-08-29 v3.1.11a (3.1.11a)

(/usr/local/texlive/2026/texmf-dist/tex/generic/pgf/libraries/shapes/pgflibrary
shapes.symbols.code.tex
File: pgflibraryshapes.symbols.code.tex 2025-08-29 v3.1.11a (3.1.11a)
))
(/usr/local/texlive/2026/texmf-dist/tex/generic/pgf/frontendlayer/tikz/librarie
s/tikzlibraryshapes.arrows.code.tex
File: tikzlibraryshapes.arrows.code.tex 2025-08-29 v3.1.11a (3.1.11a)

(/usr/local/texlive/2026/texmf-dist/tex/generic/pgf/libraries/shapes/pgflibrary
shapes.arrows.code.tex
File: pgflibraryshapes.arrows.code.tex 2025-08-29 v3.1.11a (3.1.11a)
))
(/usr/local/texlive/2026/texmf-dist/tex/generic/pgf/frontendlayer/tikz/librarie
s/tikzlibraryshapes.callouts.code.tex
(/usr/local/texlive/2026/texmf-dist/tex/generic/pgf/libraries/shapes/pgflibrary
shapes.callouts.code.tex))
(/usr/local/texlive/2026/texmf-dist/tex/generic/pgf/frontendlayer/tikz/librarie
s/tikzlibraryshapes.multipart.code.tex
File: tikzlibraryshapes.multipart.code.tex 2025-08-29 v3.1.11a (3.1.11a)

(/usr/local/texlive/2026/texmf-dist/tex/generic/pgf/libraries/shapes/pgflibrary
shapes.multipart.code.tex
File: pgflibraryshapes.multipart.code.tex 2025-08-29 v3.1.11a (3.1.11a)
\pgfnodepartlowerbox=\box72
\pgfnodeparttwobox=\box73
\pgfnodepartthreebox=\box74
\pgfnodepartfourbox=\box75
\pgfnodeparttwentybox=\box76
\pgfnodepartnineteenbox=\box77
\pgfnodeparteighteenbox=\box78
\pgfnodepartseventeenbox=\box79
\pgfnodepartsixteenbox=\box80
\pgfnodepartfifteenbox=\box81
\pgfnodepartfourteenbox=\box82
\pgfnodepartthirteenbox=\box83
\pgfnodeparttwelvebox=\box84
\pgfnodepartelevenbox=\box85
\pgfnodeparttenbox=\box86
\pgfnodepartninebox=\box87
\pgfnodeparteightbox=\box88
\pgfnodepartsevenbox=\box89
\pgfnodepartsixbox=\box90
\pgfnodepartfivebox=\box91
)))
(/usr/local/texlive/2026/texmf-dist/tex/generic/pgf/frontendlayer/tikz/librarie
s/tikzlibraryarrows.code.tex
File: tikzlibraryarrows.code.tex 2025-08-29 v3.1.11a (3.1.11a)

(/usr/local/texlive/2026/texmf-dist/tex/generic/pgf/libraries/pgflibraryarrows.
code.tex
File: pgflibraryarrows.code.tex 2025-08-29 v3.1.11a (3.1.11a)
\arrowsize=\dimen298
))
(/usr/local/texlive/2026/texmf-dist/tex/generic/pgf/frontendlayer/tikz/librarie
s/tikzlibrarypositioning.code.tex
File: tikzlibrarypositioning.code.tex 2025-08-29 v3.1.11a (3.1.11a)
)
(/usr/local/texlive/2026/texmf-dist/tex/generic/pgf/frontendlayer/tikz/librarie
s/tikzlibrarycalc.code.tex
File: tikzlibrarycalc.code.tex 2025-08-29 v3.1.11a (3.1.11a)
)
(/usr/local/texlive/2026/texmf-dist/tex/latex/pgf-blur/tikzlibraryshadows.blur.
code.tex  v1.02, 2012/12/09
(/usr/local/texlive/2026/texmf-dist/tex/generic/pgf/frontendlayer/tikz/librarie
s/tikzlibraryshadows.code.tex
File: tikzlibraryshadows.code.tex 2025-08-29 v3.1.11a (3.1.11a)

(/usr/local/texlive/2026/texmf-dist/tex/generic/pgf/frontendlayer/tikz/librarie
s/tikzlibraryfadings.code.tex
File: tikzlibraryfadings.code.tex 2025-08-29 v3.1.11a (3.1.11a)

(/usr/local/texlive/2026/texmf-dist/tex/generic/pgf/libraries/pgflibraryfadings
.code.tex
File: pgflibraryfadings.code.tex 2025-08-29 v3.1.11a (3.1.11a)
)))
\pgfbs@fading@count=\count352
)
(/usr/local/texlive/2026/texmf-dist/tex/latex/titlesec/titlesec.sty
Package: titlesec 2025/01/04 v2.17 Sectioning titles
\ttl@box=\box92
\beforetitleunit=\skip56
\aftertitleunit=\skip57
\ttl@plus=\dimen299
\ttl@minus=\dimen300
\ttl@toksa=\toks33
\titlewidth=\dimen301
\titlewidthlast=\dimen302
\titlewidthfirst=\dimen303
)

Package fontspec Info: 
(fontspec)             Font family 'Sarabun(0)' created for font 'Sarabun'
(fontspec)             with options [Ligatures=TeX].
(fontspec)              
(fontspec)              This font family consists of the following NFSS
(fontspec)             series/shapes:
(fontspec)              
(fontspec)             - 'normal' (m/n) with NFSS spec.:
(fontspec)             <->"Sarabun/OT:script=latn;language=dflt;mapping=tex-tex
t;"
(fontspec)             - 'bold' (b/n) with NFSS spec.:
(fontspec)             <->"Sarabun/B/OT:script=latn;language=dflt;mapping=tex-t
ext;"
(fontspec)             - 'italic' (m/it) with NFSS spec.:
(fontspec)             <->"Sarabun/I/OT:script=latn;language=dflt;mapping=tex-t
ext;"
(fontspec)             - 'bold italic' (b/it) with NFSS spec.:
(fontspec)             <->"Sarabun/BI/OT:script=latn;language=dflt;mapping=tex-
text;"


(./Term_Project_Document.aux)
\openout1 = `Term_Project_Document.aux'.

LaTeX Font Info:    Checking defaults for OML/cmm/m/it on input line 83.
LaTeX Font Info:    ... okay on input line 83.
LaTeX Font Info:    Checking defaults for OMS/cmsy/m/n on input line 83.
LaTeX Font Info:    ... okay on input line 83.
LaTeX Font Info:    Checking defaults for OT1/cmr/m/n on input line 83.
LaTeX Font Info:    ... okay on input line 83.
LaTeX Font Info:    Checking defaults for T1/cmr/m/n on input line 83.
LaTeX Font Info:    ... okay on input line 83.
LaTeX Font Info:    Checking defaults for TS1/cmr/m/n on input line 83.
LaTeX Font Info:    ... okay on input line 83.
LaTeX Font Info:    Checking defaults for TU/lmr/m/n on input line 83.
LaTeX Font Info:    ... okay on input line 83.
LaTeX Font Info:    Checking defaults for OMX/cmex/m/n on input line 83.
LaTeX Font Info:    ... okay on input line 83.
LaTeX Font Info:    Checking defaults for U/cmr/m/n on input line 83.
LaTeX Font Info:    ... okay on input line 83.
LaTeX Font Info:    Checking defaults for PD1/pdf/m/n on input line 83.
LaTeX Font Info:    ... okay on input line 83.
LaTeX Font Info:    Checking defaults for PU/pdf/m/n on input line 83.
LaTeX Font Info:    ... okay on input line 83.

*geometry* driver: auto-detecting
*geometry* detected driver: xetex
*geometry* verbose mode - [ preamble ] result:
* driver: xetex
* paper: <default>
* layout: <same size as paper>
* layoutoffset:(h,v)=(0.0pt,0.0pt)
* modes: 
* h-part:(L,W,R)=(72.26999pt, 469.75502pt, 72.26999pt)
* v-part:(T,H,B)=(36.135pt, 722.7pt, 36.135pt)
* \paperwidth=614.295pt
* \paperheight=794.96999pt
* \textwidth=469.75502pt
* \textheight=722.7pt
* \oddsidemargin=0.0pt
* \evensidemargin=0.0pt
* \topmargin=-73.135pt
* \headheight=12.0pt
* \headsep=25.0pt
* \topskip=10.0pt
* \footskip=30.0pt
* \marginparwidth=65.0pt
* \marginparsep=11.0pt
* \columnsep=10.0pt
* \skip\footins=9.0pt plus 4.0pt minus 2.0pt
* \hoffset=0.0pt
* \voffset=0.0pt
* \mag=1000
* \@twocolumnfalse
* \@twosidefalse
* \@mparswitchfalse
* \@reversemarginfalse
* (1in=72.27pt=25.4mm, 1cm=28.453pt)

\c@lstlisting=\count353

Package fontspec Info: 
(fontspec)             Adjusting the maths setup (use [no-math] to avoid
(fontspec)             this).

\symlegacymaths=\mathgroup4
LaTeX Font Info:    Overwriting symbol font `legacymaths' in version `bold'
(Font)                  OT1/cmr/m/n --> OT1/cmr/bx/n on input line 83.
LaTeX Font Info:    Redeclaring math accent \acute on input line 83.
LaTeX Font Info:    Redeclaring math accent \grave on input line 83.
LaTeX Font Info:    Redeclaring math accent \ddot on input line 83.
LaTeX Font Info:    Redeclaring math accent \tilde on input line 83.
LaTeX Font Info:    Redeclaring math accent \bar on input line 83.
LaTeX Font Info:    Redeclaring math accent \breve on input line 83.
LaTeX Font Info:    Redeclaring math accent \check on input line 83.
LaTeX Font Info:    Redeclaring math accent \hat on input line 83.
LaTeX Font Info:    Redeclaring math accent \dot on input line 83.
LaTeX Font Info:    Redeclaring math accent \mathring on input line 83.
LaTeX Font Info:    Redeclaring math symbol \colon on input line 83.
LaTeX Font Info:    Redeclaring math symbol \Gamma on input line 83.
LaTeX Font Info:    Redeclaring math symbol \Delta on input line 83.
LaTeX Font Info:    Redeclaring math symbol \Theta on input line 83.
LaTeX Font Info:    Redeclaring math symbol \Lambda on input line 83.
LaTeX Font Info:    Redeclaring math symbol \Xi on input line 83.
LaTeX Font Info:    Redeclaring math symbol \Pi on input line 83.
LaTeX Font Info:    Redeclaring math symbol \Sigma on input line 83.
LaTeX Font Info:    Redeclaring math symbol \Upsilon on input line 83.
LaTeX Font Info:    Redeclaring math symbol \Phi on input line 83.
LaTeX Font Info:    Redeclaring math symbol \Psi on input line 83.
LaTeX Font Info:    Redeclaring math symbol \Omega on input line 83.
LaTeX Font Info:    Redeclaring math symbol \mathdollar on input line 83.
LaTeX Font Info:    Redeclaring symbol font `operators' on input line 83.
LaTeX Font Info:    Encoding `OT1' has changed to `TU' for symbol font
(Font)              `operators' in the math version `normal' on input line 83.
LaTeX Font Info:    Overwriting symbol font `operators' in version `normal'
(Font)                  OT1/cmr/m/n --> TU/Sarabun(0)/m/n on input line 83.
LaTeX Font Info:    Encoding `OT1' has changed to `TU' for symbol font
(Font)              `operators' in the math version `bold' on input line 83.
LaTeX Font Info:    Overwriting symbol font `operators' in version `bold'
(Font)                  OT1/cmr/bx/n --> TU/Sarabun(0)/m/n on input line 83.
LaTeX Font Info:    Overwriting symbol font `operators' in version `normal'
(Font)                  TU/Sarabun(0)/m/n --> TU/Sarabun(0)/m/n on input line 8
3.
LaTeX Font Info:    Overwriting math alphabet `\mathit' in version `normal'
(Font)                  OT1/cmr/m/it --> TU/Sarabun(0)/m/it on input line 83.
LaTeX Font Info:    Overwriting math alphabet `\mathbf' in version `normal'
(Font)                  OT1/cmr/bx/n --> TU/Sarabun(0)/b/n on input line 83.
LaTeX Font Info:    Overwriting math alphabet `\mathsf' in version `normal'
(Font)                  OT1/cmss/m/n --> TU/lmss/m/n on input line 83.
LaTeX Font Info:    Overwriting math alphabet `\mathtt' in version `normal'
(Font)                  OT1/cmtt/m/n --> TU/lmtt/m/n on input line 83.
LaTeX Font Info:    Overwriting symbol font `operators' in version `bold'
(Font)                  TU/Sarabun(0)/m/n --> TU/Sarabun(0)/b/n on input line 8
3.
LaTeX Font Info:    Overwriting math alphabet `\mathit' in version `bold'
(Font)                  OT1/cmr/bx/it --> TU/Sarabun(0)/b/it on input line 83.
LaTeX Font Info:    Overwriting math alphabet `\mathsf' in version `bold'
(Font)                  OT1/cmss/bx/n --> TU/lmss/b/n on input line 83.
LaTeX Font Info:    Overwriting math alphabet `\mathtt' in version `bold'
(Font)                  OT1/cmtt/m/n --> TU/lmtt/b/n on input line 83.
Package caption Info: Begin \AtBeginDocument code.
Package caption Info: hyperref package is loaded.
Package caption Info: longtable package is loaded.
(/usr/local/texlive/2026/texmf-dist/tex/latex/caption/ltcaption.sty
Package: ltcaption 2021/01/08 v1.4c longtable captions (AR)
)
Package caption Info: End \AtBeginDocument code.
Package hyperref Info: Link coloring OFF on input line 83.

(./Term_Project_Document.out) (./Term_Project_Document.out)
\@outlinefile=\write4
\openout4 = `Term_Project_Document.out'.

LaTeX Font Info:    External font `cmex10' loaded for size
(Font)              <12> on input line 108.
LaTeX Font Info:    External font `cmex10' loaded for size
(Font)              <8> on input line 108.
LaTeX Font Info:    External font `cmex10' loaded for size
(Font)              <6> on input line 108.
 [1

]
(./Term_Project_Document.toc
LaTeX Font Info:    External font `cmex10' loaded for size
(Font)              <7> on input line 2.
LaTeX Font Info:    External font `cmex10' loaded for size
(Font)              <5> on input line 2.
 [1

] [2]
Overfull \hbox (0.99997pt too wide) detected at line 244
 []\TU/Sarabun(0)/m/n/10 100
 []


Overfull \hbox (0.99997pt too wide) detected at line 247
 []\TU/Sarabun(0)/m/n/10 100
 []


Overfull \hbox (0.99997pt too wide) detected at line 253
 []\TU/Sarabun(0)/m/n/10 103
 []


Overfull \hbox (0.99997pt too wide) detected at line 257
 []\TU/Sarabun(0)/m/n/10 104
 []


Overfull \hbox (0.99997pt too wide) detected at line 261
 []\TU/Sarabun(0)/m/n/10 106
 []


Overfull \hbox (0.99997pt too wide) detected at line 262
 []\TU/Sarabun(0)/m/n/10 106
 []


Overfull \hbox (0.99997pt too wide) detected at line 263
 []\TU/Sarabun(0)/m/n/10 106
 []


Overfull \hbox (0.99997pt too wide) detected at line 264
 []\TU/Sarabun(0)/m/n/10 106
 []


Overfull \hbox (0.99997pt too wide) detected at line 265
 []\TU/Sarabun(0)/m/n/10 106
 []


Overfull \hbox (0.99997pt too wide) detected at line 266
 []\TU/Sarabun(0)/m/n/10 107
 []


Overfull \hbox (0.99997pt too wide) detected at line 267
 []\TU/Sarabun(0)/m/n/10 107
 []


Overfull \hbox (0.99997pt too wide) detected at line 268
 []\TU/Sarabun(0)/m/n/10 108
 []


Overfull \hbox (0.99997pt too wide) detected at line 269
 []\TU/Sarabun(0)/m/n/10 108
 []


Overfull \hbox (0.99997pt too wide) detected at line 270
 []\TU/Sarabun(0)/m/n/10 108
 []


Overfull \hbox (0.99997pt too wide) detected at line 271
 []\TU/Sarabun(0)/m/n/10 108
 []


Overfull \hbox (0.99997pt too wide) detected at line 272
 []\TU/Sarabun(0)/m/n/10 108
 []


Overfull \hbox (0.99997pt too wide) detected at line 273
 []\TU/Sarabun(0)/m/n/10 108
 []


Overfull \hbox (0.99997pt too wide) detected at line 275
 []\TU/Sarabun(0)/m/n/10 109
 []


Overfull \hbox (0.99997pt too wide) detected at line 276
 []\TU/Sarabun(0)/m/n/10 109
 []


Overfull \hbox (0.99997pt too wide) detected at line 277
 []\TU/Sarabun(0)/m/n/10 109
 []


Overfull \hbox (0.99997pt too wide) detected at line 278
 []\TU/Sarabun(0)/m/n/10 110
 []


Overfull \hbox (0.99997pt too wide) detected at line 279
 []\TU/Sarabun(0)/m/n/10 110
 []


Overfull \hbox (0.99997pt too wide) detected at line 281
 []\TU/Sarabun(0)/m/n/10 112
 []


Overfull \hbox (0.99997pt too wide) detected at line 282
 []\TU/Sarabun(0)/m/n/10 112
 []


Overfull \hbox (0.99997pt too wide) detected at line 283
 []\TU/Sarabun(0)/m/n/10 113
 []


Overfull \hbox (0.99997pt too wide) detected at line 284
 []\TU/Sarabun(0)/m/n/10 113
 []


Overfull \hbox (0.99997pt too wide) detected at line 285
 []\TU/Sarabun(0)/m/n/10 113
 []

[3]
Overfull \hbox (0.99997pt too wide) detected at line 286
 []\TU/Sarabun(0)/m/n/10 113
 []


Overfull \hbox (0.99997pt too wide) detected at line 287
 []\TU/Sarabun(0)/m/n/10 114
 []


Overfull \hbox (0.99997pt too wide) detected at line 288
 []\TU/Sarabun(0)/m/n/10 114
 []


Overfull \hbox (0.99997pt too wide) detected at line 289
 []\TU/Sarabun(0)/m/n/10 114
 []


Overfull \hbox (0.99997pt too wide) detected at line 290
 []\TU/Sarabun(0)/m/n/10 114
 []


Overfull \hbox (0.99997pt too wide) detected at line 291
 []\TU/Sarabun(0)/m/n/10 114
 []


Overfull \hbox (0.99997pt too wide) detected at line 292
 []\TU/Sarabun(0)/m/n/10 114
 []


Overfull \hbox (0.99997pt too wide) detected at line 293
 []\TU/Sarabun(0)/m/n/10 114
 []


Overfull \hbox (0.99997pt too wide) detected at line 294
 []\TU/Sarabun(0)/m/n/10 115
 []


Overfull \hbox (0.99997pt too wide) detected at line 296
 []\TU/Sarabun(0)/m/n/10 116
 []


Overfull \hbox (0.99997pt too wide) detected at line 297
 []\TU/Sarabun(0)/m/n/10 117
 []


Overfull \hbox (0.99997pt too wide) detected at line 298
 []\TU/Sarabun(0)/m/n/10 118
 []


Overfull \hbox (0.99997pt too wide) detected at line 299
 []\TU/Sarabun(0)/m/n/10 120
 []

)
\tf@toc=\write5
\openout5 = `Term_Project_Document.toc'.

 [4]
บทที่ 1.
(./components/introduction.tex [5

]) [6] (./components/literature_review.tex
บทที่ 2.

Underfull \hbox (badness 1275) in paragraph at lines 9--10
\TU/Sarabun(0)/m/n/10 ใน สถาปัตยกรรม นี้ ไคล เอน ต์ (โดย ทั่วไป คือ เว็บ เบราว์
เซอร์ หรือ แอปพลิเคชัน บน มือ ถือ) และ เซิร์ฟเวอร์ (เครื่อง
 []

[7

] [8] [9] [10]) [11] (./components/behavioral_design.tex
บทที่ 3.
[12

]
Underfull \hbox (badness 10000) in paragraph at lines 47--47
[]|\TU/Sarabun(0)/b/n/10 สถานการณ์ หลัก
 []


Underfull \hbox (badness 10000) in paragraph at lines 82--82
[]|\TU/Sarabun(0)/b/n/10 สถานการณ์ หลัก
 []


ignored: Infinite glue shrinkage found in box being split [13]
Underfull \hbox (badness 10000) in paragraph at lines 115--115
[]|\TU/Sarabun(0)/b/n/10 สถานการณ์ หลัก
 []


Underfull \hbox (badness 10000) in paragraph at lines 135--135
[]|\TU/Sarabun(0)/b/n/10 สถานการณ์ หลัก
 []


ignored: Infinite glue shrinkage found in box being split [14] [15] (/usr/local/texlive/
2026/texmf-dist/tex/latex/listings/lstlang1.sty
File: lstlang1.sty 2025/11/14 1.11b listings language file
)
Package hyperref Info: bookmark level for unknown lstlisting defaults to 0 on i
nput line 161.

LaTeX Warning: `h' float specifier changed to `ht'.

[16] [17]
Underfull \hbox (badness 1424) in paragraph at lines 237--238
\TU/Sarabun(0)/m/n/10 แผนภาพ ลำดับ แสดง ราย ละเอียด การ โต้ตอบ ทาง เทคนิค ระหว่
าง Frontend (View), Backend (Controller) และ
 []


LaTeX Warning: `h' float specifier changed to `ht'.

[18]) [19]
บทที่ 4.
(./components/system_requirements.tex [20

] [21]) [22]
(./components/er_diagram.tex
บทที่ 5.
File: Image/er_diagram.png Graphic file (type bmp)
<Image/er_diagram.png>
[23

] [24]) [25]
บทที่ 6.
(./components/database.tex
LaTeX Font Info:    Font shape `TU/lmtt/bx/n' in size <8> not available
(Font)              Font shape `TU/lmtt/b/n' tried instead on input line 17.
 [26

]
Underfull \hbox (badness 1810) in paragraph at lines 84--85
[]\TU/Sarabun(0)/m/n/10 นิยาม ตาราง \TU/lmtt/m/n/10 TrainingSessions \TU/Sarabu
n(0)/m/n/10 ซึ่ง ประกอบ ด้วย Foreign Keys ได้แก่ \TU/lmtt/m/n/10 customerId\TU/
Sarabun(0)/m/n/10 , \TU/lmtt/m/n/10 trainerId\TU/Sarabun(0)/m/n/10 , และ
 []

[27] (/usr/local/texlive/2026/texmf-dist/tex/latex/listings/lstlang1.sty
File: lstlang1.sty 2025/11/14 1.11b listings language file
)
[28]
Underfull \hbox (badness 1210) in paragraph at lines 205--206
[]|\TU/Sarabun(0)/m/n/10 รหัส ระบุ ตัว ตน ลูกค้า (Customer ID)
 []

[29]
Underfull \hbox (badness 4303) in paragraph at lines 276--277
[]|\TU/Sarabun(0)/m/n/10 หมวด หมู่ ของ อุปกรณ์ (เช่น Cardio,
 []


Underfull \hbox (badness 2521) in paragraph at lines 306--307
[]|\TU/Sarabun(0)/m/n/10 รหัส ระบุ ตัว ตน เซสชัน (Session ID)
 []


Underfull \hbox (badness 5403) in paragraph at lines 310--311
[]|\TU/Sarabun(0)/m/n/10 รหัส อ้างอิง เทรนเนอร์ (เชื่อม โยง กับ
 []

) [30]
บทที่ 7.
(./components/usage.tex
File: Image/login.png Graphic file (type bmp)
<Image/login.png>
File: Image/register.png Graphic file (type bmp)
<Image/register.png>
File: Image/registered_alert.png Graphic file (type bmp)
<Image/registered_alert.png>
 [31

] [32] [33]
File: Image/user_customer_schedule.png Graphic file (type bmp)
<Image/user_customer_schedule.png>
File: Image/user_customer_booking.png Graphic file (type bmp)
<Image/user_customer_booking.png>
File: Image/customer_booked.png Graphic file (type bmp)
<Image/customer_booked.png>
 [34]
File: Image/customer_booked_alert.png Graphic file (type bmp)
<Image/customer_booked_alert.png>
 [35]
File: Image/dark_user_profile.png Graphic file (type bmp)
<Image/dark_user_profile.png>
 [36]
File: Image/admin_login.png Graphic file (type bmp)
<Image/admin_login.png>
File: Image/admin_dashboard.png Graphic file (type bmp)
<Image/admin_dashboard.png>
File: Image/admin_member_management.png Graphic file (type bmp)
<Image/admin_member_management.png>
 [37]
File: Image/admin_trainer_management.png Graphic file (type bmp)
<Image/admin_trainer_management.png>
File: Image/admin_equipment_management.png Graphic file (type bmp)
<Image/admin_equipment_management.png>
File: Image/admin_training_sessions.png Graphic file (type bmp)
<Image/admin_training_sessions.png>
 [38]
File: Image/admin_report_syslog.png Graphic file (type bmp)
<Image/admin_report_syslog.png>
File: Image/admin_report_customer.png Graphic file (type bmp)
<Image/admin_report_customer.png>
 [39]
File: Image/admin_report_trainer.png Graphic file (type bmp)
<Image/admin_report_trainer.png>
File: Image/admin_printing_report.png Graphic file (type bmp)
<Image/admin_printing_report.png>
 [40]
[41]
File: Image/dark_admin_dashboard.png Graphic file (type bmp)
<Image/dark_admin_dashboard.png>
File: Image/dark_admin_member_management.png Graphic file (type bmp)
<Image/dark_admin_member_management.png>
File: Image/dark_admin_trainer_management.png Graphic file (type bmp)
<Image/dark_admin_trainer_management.png>
File: Image/dark_admin_equipment_management.png Graphic file (type bmp)
<Image/dark_admin_equipment_management.png>
File: Image/dark_admin_training_session.png Graphic file (type bmp)
<Image/dark_admin_training_session.png>
File: Image/dark_admin_report_syslog.png Graphic file (type bmp)
<Image/dark_admin_report_syslog.png>
File: Image/dark_admin_report_customer.png Graphic file (type bmp)
<Image/dark_admin_report_customer.png>
File: Image/dark_admin_report_trainer.png Graphic file (type bmp)
<Image/dark_admin_report_trainer.png>
File: Image/dark_user_schedule.png Graphic file (type bmp)
<Image/dark_user_schedule.png>
) [42] [43] [44] [45] [46]
บทที่ 8.
(./components/backend.tex [47

] [48] [49] [50] [51] [52]
Overfull \hbox (25.2943pt too wide) in paragraph at lines 405--407
[][][][][][][][][][][][][][][][][][][][][][][][][][][][][][][][][][][][][][][][
][][][][][][][][][][][][][][][][][][][][][][][][][][]  
 []

[53] [54]
Missing character: There is no พ (U+0E1E) in font [lmmono8-regular]:!
Missing character: There is no ร (U+0E23) in font [lmmono8-regular]:!
Missing character: There is no ้ (U+0E49) in font [lmmono8-regular]:!
Missing character: There is no อ (U+0E2D) in font [lmmono8-regular]:!
Missing character: There is no ม (U+0E21) in font [lmmono8-regular]:!
[55]
Missing character: There is no เ (U+0E40) in font [lmmono8-regular]:!
Missing character: There is no ร (U+0E23) in font [lmmono8-regular]:!
Missing character: There is no ิ (U+0E34) in font [lmmono8-regular]:!
Missing character: There is no ่ (U+0E48) in font [lmmono8-regular]:!
Missing character: There is no ม (U+0E21) in font [lmmono8-regular]:!
Missing character: There is no ต (U+0E15) in font [lmmono8-regular]:!
Missing character: There is no ้ (U+0E49) in font [lmmono8-regular]:!
Missing character: There is no น (U+0E19) in font [lmmono8-regular]:!
Missing character: There is no ว (U+0E27) in font [lmmono8-regular]:!
Missing character: There is no ั (U+0E31) in font [lmmono8-regular]:!
Missing character: There is no น (U+0E19) in font [lmmono8-regular]:!
Missing character: There is no ส (U+0E2A) in font [lmmono8-regular]:!
Missing character: There is no ิ (U+0E34) in font [lmmono8-regular]:!
Missing character: There is no ้ (U+0E49) in font [lmmono8-regular]:!
Missing character: There is no น (U+0E19) in font [lmmono8-regular]:!
Missing character: There is no ส (U+0E2A) in font [lmmono8-regular]:!
Missing character: There is no ุ (U+0E38) in font [lmmono8-regular]:!
Missing character: There is no ด (U+0E14) in font [lmmono8-regular]:!
Missing character: There is no ว (U+0E27) in font [lmmono8-regular]:!
Missing character: There is no ั (U+0E31) in font [lmmono8-regular]:!
Missing character: There is no น (U+0E19) in font [lmmono8-regular]:!
) (./components/frontend.tex [56] [57] [58] [59] [60] [61] [62] [63] [64]
[65]
Underfull \hbox (badness 2698) in paragraph at lines 595--596
[]\TU/lmtt/m/n/10 openBookingModal\TU/Sarabun(0)/m/n/10 : ลบ คลาส \TU/lmtt/m/n/
10 hidden \TU/Sarabun(0)/m/n/10 เพื่อ แสดง Modal, กำหนด ค่า วัน ที่ ปัจจุบัน, แ
ละ เรียก ฟังก์ชัน
 []

[66] [67] (/usr/local/texlive/2026/texmf-dist/tex/latex/listings/lstlang1.sty
File: lstlang1.sty 2025/11/14 1.11b listings language file
)
(/usr/local/texlive/2026/texmf-dist/tex/latex/listings/lstmisc.sty
File: lstmisc.sty 2025/11/14 1.11b (Carsten Heinz)
) [68]
[69] [70] [71] [72] [73] [74] [75]
Underfull \hbox (badness 10000) in paragraph at lines 1262--1263
[]\TU/Sarabun(0)/b/n/10 JavaScript Integration\TU/Sarabun(0)/m/n/10 : \TU/lmtt/
m/n/10 tbody id="customers- table" \TU/Sarabun(0)/m/n/10 ถูก เตรียม ไว้ สำหรับ 
ให้ JavaScript
 []

[76] [77] [78] [79] [80] [81] [82] [83] [84] [85] [86] [87] [88] [89] [90]
[91] [92] [93]
Missing character: There is no ส (U+0E2A) in font [lmmono8-regular]:!
Missing character: There is no ่ (U+0E48) in font [lmmono8-regular]:!
Missing character: There is no ง (U+0E07) in font [lmmono8-regular]:!
[94] [95] [96]
Missing character: There is no ช (U+0E0A) in font [lmmono8-regular]:!
Missing character: There is no ื (U+0E37) in font [lmmono8-regular]:!
Missing character: There is no ่ (U+0E48) in font [lmmono8-regular]:!
Missing character: There is no อ (U+0E2D) in font [lmmono8-regular]:!
Missing character: There is no ค (U+0E04) in font [lmmono8-regular]:!
Missing character: There is no ว (U+0E27) in font [lmmono8-regular]:!
Missing character: There is no า (U+0E32) in font [lmmono8-regular]:!
Missing character: There is no ม (U+0E21) in font [lmmono8-regular]:!
Missing character: There is no เ (U+0E40) in font [lmmono8-regular]:!
Missing character: There is no ช (U+0E0A) in font [lmmono8-regular]:!
Missing character: There is no ี (U+0E35) in font [lmmono8-regular]:!
Missing character: There is no ่ (U+0E48) in font [lmmono8-regular]:!
Missing character: There is no ย (U+0E22) in font [lmmono8-regular]:!
Missing character: There is no ว (U+0E27) in font [lmmono8-regular]:!
Missing character: There is no ช (U+0E0A) in font [lmmono8-regular]:!
Missing character: There is no า (U+0E32) in font [lmmono8-regular]:!
Missing character: There is no ญ (U+0E0D) in font [lmmono8-regular]:!
[97] [98] [99] [100] [101] [102]
Missing character: There is no ม (U+0E21) in font [lmmono8-regular]:!
Missing character: There is no ี (U+0E35) in font [lmmono8-regular]:!
Missing character: There is no เ (U+0E40) in font [lmmono8-regular]:!
Missing character: There is no ด (U+0E14) in font [lmmono8-regular]:!
Missing character: There is no ี (U+0E35) in font [lmmono8-regular]:!
Missing character: There is no ย (U+0E22) in font [lmmono8-regular]:!
Missing character: There is no ว (U+0E27) in font [lmmono8-regular]:!
Missing character: There is no ก (U+0E01) in font [lmmono8-regular]:!
Missing character: There is no ั (U+0E31) in font [lmmono8-regular]:!
Missing character: There is no น (U+0E19) in font [lmmono8-regular]:!
Missing character: There is no แ (U+0E41) in font [lmmono8-regular]:!
Missing character: There is no ต (U+0E15) in font [lmmono8-regular]:!
Missing character: There is no ่ (U+0E48) in font [lmmono8-regular]:!
Missing character: There is no แ (U+0E41) in font [lmmono8-regular]:!
Missing character: There is no ส (U+0E2A) in font [lmmono8-regular]:!
Missing character: There is no ด (U+0E14) in font [lmmono8-regular]:!
Missing character: There is no ง (U+0E07) in font [lmmono8-regular]:!
Missing character: There is no ผ (U+0E1C) in font [lmmono8-regular]:!
Missing character: There is no ล (U+0E25) in font [lmmono8-regular]:!
Missing character: There is no ค (U+0E04) in font [lmmono8-regular]:!
Missing character: There is no น (U+0E19) in font [lmmono8-regular]:!
Missing character: There is no ล (U+0E25) in font [lmmono8-regular]:!
Missing character: There is no ะ (U+0E30) in font [lmmono8-regular]:!
Missing character: There is no ต (U+0E15) in font [lmmono8-regular]:!
Missing character: There is no า (U+0E32) in font [lmmono8-regular]:!
Missing character: There is no ร (U+0E23) in font [lmmono8-regular]:!
Missing character: There is no า (U+0E32) in font [lmmono8-regular]:!
Missing character: There is no ง (U+0E07) in font [lmmono8-regular]:!
[103] [104]) [105] (./components/testing.tex
บทที่ 9.

Underfull \hbox (badness 10000) in paragraph at lines 27--27
[]|\TU/Sarabun(0)/b/n/10 Expected Re-
 []


Underfull \hbox (badness 10000) in paragraph at lines 28--28
[]|\TU/Sarabun(0)/m/n/10 มี บัญชี สมาชิก ใน
 []


Underfull \hbox (badness 3503) in paragraph at lines 28--28
\TU/Sarabun(0)/m/n/10 2. กรอก Email และ
 []


Underfull \hbox (badness 3503) in paragraph at lines 29--29
\TU/Sarabun(0)/m/n/10 2. กรอก Email และ
 []


Underfull \hbox (badness 10000) in paragraph at lines 29--29
[]|\TU/Sarabun(0)/m/n/10 ระบบ นำทาง ไป
 []


Underfull \hbox (badness 10000) in paragraph at lines 29--29
\TU/Sarabun(0)/m/n/10 ยัง หน้า Admin
 []


Underfull \hbox (badness 10000) in paragraph at lines 30--30
[]|\TU/Sarabun(0)/m/n/10 แสดง ข้อความ
 []


Underfull \hbox (badness 10000) in paragraph at lines 30--30
\TU/Sarabun(0)/m/n/10 แจ้ง เตือน ”In-
 []


Underfull \hbox (badness 10000) in paragraph at lines 30--30
\TU/Sarabun(0)/m/n/10 valid creden-
 []


Underfull \hbox (badness 2181) in paragraph at lines 31--31
[]|\TU/Sarabun(0)/m/n/10 การ ตรวจ สอบ สิทธิ์ การ
 []


Underfull \hbox (badness 1796) in paragraph at lines 31--31
[]|\TU/Sarabun(0)/m/n/10 เข้า สู่ ระบบ ใน ฐานะ
 []


Underfull \hbox (badness 10000) in paragraph at lines 31--31
\TU/Sarabun(0)/m/n/10 / admin/ dashboard
 []


Underfull \hbox (badness 10000) in paragraph at lines 31--31
\TU/Sarabun(0)/m/n/10 โดยตรง ผ่าน Address
 []


Underfull \hbox (badness 2205) in paragraph at lines 31--31
[]|\TU/Sarabun(0)/m/n/10 ระบบ ปฏิเสธ การ
 []


Underfull \hbox (badness 10000) in paragraph at lines 31--31
\TU/Sarabun(0)/m/n/10 กลับ ไป ยัง หน้า
 []


Underfull \hbox (badness 1092) in paragraph at lines 31--31
\TU/Sarabun(0)/m/n/10 Login หรือ User
 []


Overfull \hbox (57.48903pt too wide) in alignment at lines 25--32
 [] [] [] [] [] [] 
 []


ignored: Infinite glue shrinkage found in box being split [106

]
Underfull \hbox (badness 10000) in paragraph at lines 38--38
[]|\TU/Sarabun(0)/b/n/10 Expected Re-
 []


Underfull \hbox (badness 10000) in paragraph at lines 39--39
[]|\TU/Sarabun(0)/m/n/10 สมาชิก เข้า สู่ ระบบ
 []


Underfull \hbox (badness 10000) in paragraph at lines 39--39
[]|\TU/Sarabun(0)/m/n/10 บันทึก ข้อมูล ลง
 []


Underfull \hbox (badness 10000) in paragraph at lines 39--39
\TU/Sarabun(0)/m/n/10 ฐาน ข้อมูล และ
 []


Underfull \hbox (badness 2035) in paragraph at lines 39--39
\TU/Sarabun(0)/m/n/10 แสดง สถานะ การ
 []


Underfull \hbox (badness 1584) in paragraph at lines 40--40
[]|\TU/Sarabun(0)/m/n/10 ตรวจ สอบ การ จอง ซ้อน
 []


Underfull \hbox (badness 1642) in paragraph at lines 40--40
\TU/Sarabun(0)/m/n/10 3. ตรวจ สอบ ตัว เลือก
 []


Underfull \hbox (badness 10000) in paragraph at lines 40--40
[]|\TU/Sarabun(0)/m/n/10 เทรนเนอร์ ที่
 []


Underfull \hbox (badness 10000) in paragraph at lines 40--40
\TU/Sarabun(0)/m/n/10 ติด จอง ต้อง ไม่
 []


Underfull \hbox (badness 7649) in paragraph at lines 40--40
\TU/Sarabun(0)/m/n/10 สามารถ เลือก ได้
 []


Underfull \hbox (badness 3525) in paragraph at lines 41--41
\TU/Sarabun(0)/m/n/10 2. กด ปุ่ม Cancel ที่
 []


Underfull \hbox (badness 10000) in paragraph at lines 41--41
[]|\TU/Sarabun(0)/m/n/10 สถานะ การ จอง
 []


Underfull \hbox (badness 10000) in paragraph at lines 41--41
\TU/Sarabun(0)/m/n/10 ถูก ลบ ออก จาก
 []


Underfull \hbox (badness 10000) in paragraph at lines 41--41
\TU/Sarabun(0)/m/n/10 ตาราง และ
 []


Overfull \hbox (57.48903pt too wide) in alignment at lines 36--42
 [] [] [] [] [] [] 
 []


Underfull \hbox (badness 10000) in paragraph at lines 48--48
[]|\TU/Sarabun(0)/b/n/10 Expected Re-
 []


Underfull \hbox (badness 6220) in paragraph at lines 49--49
[]|\TU/Sarabun(0)/m/n/10 Admin เข้า สู่ ระบบ
 []


Underfull \hbox (badness 10000) in paragraph at lines 49--49
\TU/Sarabun(0)/m/n/10 ใหม่ ปรากฏ ใน
 []


Underfull \hbox (badness 10000) in paragraph at lines 49--49
\TU/Sarabun(0)/m/n/10 ตาราง และ ฐาน
 []


Underfull \hbox (badness 10000) in paragraph at lines 50--50
[]|\TU/Sarabun(0)/m/n/10 มี ข้อมูล อุปกรณ์ ใน
 []


Underfull \hbox (badness 4132) in paragraph at lines 50--50
\TU/Sarabun(0)/m/n/10 2. เลือก อุปกรณ์ และ
 []


Underfull \hbox (badness 10000) in paragraph at lines 50--50
[]|\TU/Sarabun(0)/m/n/10 สถานะ เปลี่ยน
 []


Underfull \hbox (badness 1917) in paragraph at lines 51--51
[]|\TU/Sarabun(0)/m/n/10 การ ตรวจ สอบ ความ ถูก
 []


Underfull \hbox (badness 1377) in paragraph at lines 51--51
\TU/Sarabun(0)/m/n/10 ต้อง ของ ข้อมูล (Valida-
 []


Underfull \hbox (badness 6220) in paragraph at lines 51--51
[]|\TU/Sarabun(0)/m/n/10 Admin เข้า สู่ ระบบ
 []


Underfull \hbox (badness 10000) in paragraph at lines 51--51
[]|\TU/Sarabun(0)/m/n/10 ระบบ แสดง
 []


Underfull \hbox (badness 10000) in paragraph at lines 51--51
\TU/Sarabun(0)/m/n/10 ข้อความ แจ้ง
 []


Underfull \hbox (badness 10000) in paragraph at lines 51--51
\TU/Sarabun(0)/m/n/10 เตือน และ ไม่
 []


Overfull \hbox (57.48903pt too wide) in alignment at lines 46--52
 [] [] [] [] [] [] 
 []


ignored: Infinite glue shrinkage found in box being split [107]) [108]
บทที่ 10.
(./components/conclusion.tex [109

]
Underfull \hbox (badness 10000) in paragraph at lines 41--42

 []


Underfull \hbox (badness 10000) in paragraph at lines 47--48

 []


Underfull \hbox (badness 10000) in paragraph at lines 53--54

 []

[110]) [111] (./components/appendix.tex
Appendix A.
[112

] (/usr/local/texlive/2026/texmf-dist/tex/latex/listings/lstlang1.sty
File: lstlang1.sty 2025/11/14 1.11b listings language file
)
(/usr/local/texlive/2026/texmf-dist/tex/latex/listings/lstlang1.sty
File: lstlang1.sty 2025/11/14 1.11b listings language file
)
Missing character: There is no ก (U+0E01) in font [lmmono8-regular]:!
Missing character: There is no า (U+0E32) in font [lmmono8-regular]:!
Missing character: There is no ร (U+0E23) in font [lmmono8-regular]:!
Missing character: There is no ต (U+0E15) in font [lmmono8-regular]:!
Missing character: There is no ั (U+0E31) in font [lmmono8-regular]:!
Missing character: There is no ้ (U+0E49) in font [lmmono8-regular]:!
Missing character: There is no ง (U+0E07) in font [lmmono8-regular]:!
Missing character: There is no ค (U+0E04) in font [lmmono8-regular]:!
Missing character: There is no ่ (U+0E48) in font [lmmono8-regular]:!
Missing character: There is no า (U+0E32) in font [lmmono8-regular]:!
Missing character: There is no เ (U+0E40) in font [lmmono8-regular]:!
Missing character: There is no ซ (U+0E0B) in font [lmmono8-regular]:!
Missing character: There is no ิ (U+0E34) in font [lmmono8-regular]:!
Missing character: There is no ร (U+0E23) in font [lmmono8-regular]:!
Missing character: There is no ์ (U+0E4C) in font [lmmono8-regular]:!
Missing character: There is no ฟ (U+0E1F) in font [lmmono8-regular]:!
Missing character: There is no เ (U+0E40) in font [lmmono8-regular]:!
Missing character: There is no ว (U+0E27) in font [lmmono8-regular]:!
Missing character: There is no อ (U+0E2D) in font [lmmono8-regular]:!
Missing character: There is no ร (U+0E23) in font [lmmono8-regular]:!
Missing character: There is no ์ (U+0E4C) in font [lmmono8-regular]:!
Missing character: There is no ก (U+0E01) in font [lmmono8-regular]:!
Missing character: There is no า (U+0E32) in font [lmmono8-regular]:!
Missing character: There is no ร (U+0E23) in font [lmmono8-regular]:!
Missing character: There is no เ (U+0E40) in font [lmmono8-regular]:!
Missing character: There is no ช (U+0E0A) in font [lmmono8-regular]:!
Missing character: There is no ื (U+0E37) in font [lmmono8-regular]:!
Missing character: There is no ่ (U+0E48) in font [lmmono8-regular]:!
Missing character: There is no อ (U+0E2D) in font [lmmono8-regular]:!
Missing character: There is no ม (U+0E21) in font [lmmono8-regular]:!
Missing character: There is no ต (U+0E15) in font [lmmono8-regular]:!
Missing character: There is no ่ (U+0E48) in font [lmmono8-regular]:!
Missing character: There is no อ (U+0E2D) in font [lmmono8-regular]:!
Missing character: There is no ฐ (U+0E10) in font [lmmono8-regular]:!
Missing character: There is no า (U+0E32) in font [lmmono8-regular]:!
Missing character: There is no น (U+0E19) in font [lmmono8-regular]:!
Missing character: There is no ข (U+0E02) in font [lmmono8-regular]:!
Missing character: There is no ้ (U+0E49) in font [lmmono8-regular]:!
Missing character: There is no อ (U+0E2D) in font [lmmono8-regular]:!
Missing character: There is no ม (U+0E21) in font [lmmono8-regular]:!
Missing character: There is no ู (U+0E39) in font [lmmono8-regular]:!
Missing character: There is no ล (U+0E25) in font [lmmono8-regular]:!
Missing character: There is no ส (U+0E2A) in font [lmmono8-regular]:!
Missing character: There is no ำ (U+0E33) in font [lmmono8-regular]:!
Missing character: There is no ห (U+0E2B) in font [lmmono8-regular]:!
Missing character: There is no ร (U+0E23) in font [lmmono8-regular]:!
Missing character: There is no ั (U+0E31) in font [lmmono8-regular]:!
Missing character: There is no บ (U+0E1A) in font [lmmono8-regular]:!
Missing character: There is no เ (U+0E40) in font [lmmono8-regular]:!
Missing character: There is no ค (U+0E04) in font [lmmono8-regular]:!
Missing character: There is no ร (U+0E23) in font [lmmono8-regular]:!
Missing character: There is no ื (U+0E37) in font [lmmono8-regular]:!
Missing character: There is no ่ (U+0E48) in font [lmmono8-regular]:!
Missing character: There is no อ (U+0E2D) in font [lmmono8-regular]:!
Missing character: There is no ง (U+0E07) in font [lmmono8-regular]:!
Missing character: There is no ท (U+0E17) in font [lmmono8-regular]:!
Missing character: There is no า (U+0E32) in font [lmmono8-regular]:!
Missing character: There is no ง (U+0E07) in font [lmmono8-regular]:!
Missing character: There is no เ (U+0E40) in font [lmmono8-regular]:!
Missing character: There is no ล (U+0E25) in font [lmmono8-regular]:!
Missing character: There is no ื (U+0E37) in font [lmmono8-regular]:!
Missing character: There is no อ (U+0E2D) in font [lmmono8-regular]:!
Missing character: There is no ก (U+0E01) in font [lmmono8-regular]:!
Missing character: There is no ส (U+0E2A) in font [lmmono8-regular]:!
Missing character: There is no ำ (U+0E33) in font [lmmono8-regular]:!
Missing character: There is no ห (U+0E2B) in font [lmmono8-regular]:!
Missing character: There is no ร (U+0E23) in font [lmmono8-regular]:!
Missing character: There is no ั (U+0E31) in font [lmmono8-regular]:!
Missing character: There is no บ (U+0E1A) in font [lmmono8-regular]:!
Missing character: There is no ก (U+0E01) in font [lmmono8-regular]:!
Missing character: There is no ุ (U+0E38) in font [lmmono8-regular]:!
Missing character: There is no ญ (U+0E0D) in font [lmmono8-regular]:!
Missing character: There is no แ (U+0E41) in font [lmmono8-regular]:!
Missing character: There is no จ (U+0E08) in font [lmmono8-regular]:!
Missing character: There is no ค (U+0E04) in font [lmmono8-regular]:!
Missing character: There is no ว (U+0E27) in font [lmmono8-regular]:!
Missing character: There is no า (U+0E32) in font [lmmono8-regular]:!
Missing character: There is no ม (U+0E21) in font [lmmono8-regular]:!
Missing character: There is no ป (U+0E1B) in font [lmmono8-regular]:!
Missing character: There is no ล (U+0E25) in font [lmmono8-regular]:!
Missing character: There is no อ (U+0E2D) in font [lmmono8-regular]:!
Missing character: There is no ด (U+0E14) in font [lmmono8-regular]:!
Missing character: There is no ภ (U+0E20) in font [lmmono8-regular]:!
Missing character: There is no ั (U+0E31) in font [lmmono8-regular]:!
Missing character: There is no ย (U+0E22) in font [lmmono8-regular]:!
Missing character: There is no บ (U+0E1A) in font [lmmono8-regular]:!
Missing character: There is no ร (U+0E23) in font [lmmono8-regular]:!
Missing character: There is no ิ (U+0E34) in font [lmmono8-regular]:!
Missing character: There is no ก (U+0E01) in font [lmmono8-regular]:!
Missing character: There is no า (U+0E32) in font [lmmono8-regular]:!
Missing character: There is no ร (U+0E23) in font [lmmono8-regular]:!
Missing character: There is no ภ (U+0E20) in font [lmmono8-regular]:!
Missing character: There is no า (U+0E32) in font [lmmono8-regular]:!
Missing character: There is no ย (U+0E22) in font [lmmono8-regular]:!
Missing character: There is no น (U+0E19) in font [lmmono8-regular]:!
Missing character: There is no อ (U+0E2D) in font [lmmono8-regular]:!
Missing character: There is no ก (U+0E01) in font [lmmono8-regular]:!
Missing character: There is no ถ (U+0E16) in font [lmmono8-regular]:!
Missing character: There is no ้ (U+0E49) in font [lmmono8-regular]:!
Missing character: There is no า (U+0E32) in font [lmmono8-regular]:!
Missing character: There is no ม (U+0E21) in font [lmmono8-regular]:!
Missing character: There is no ี (U+0E35) in font [lmmono8-regular]:!
[113] [114] [115]
Appendix B.
Missing character: There is no น (U+0E19) in font [lmmono8-regular]:!
Missing character: There is no ำ (U+0E33) in font [lmmono8-regular]:!
Missing character: There is no เ (U+0E40) in font [lmmono8-regular]:!
Missing character: There is no ข (U+0E02) in font [lmmono8-regular]:!
Missing character: There is no ้ (U+0E49) in font [lmmono8-regular]:!
Missing character: There is no า (U+0E32) in font [lmmono8-regular]:!
Missing character: There is no โ (U+0E42) in font [lmmono8-regular]:!
Missing character: There is no ม (U+0E21) in font [lmmono8-regular]:!
Missing character: There is no ด (U+0E14) in font [lmmono8-regular]:!
Missing character: There is no ู (U+0E39) in font [lmmono8-regular]:!
Missing character: There is no ล (U+0E25) in font [lmmono8-regular]:!
Missing character: There is no ท (U+0E17) in font [lmmono8-regular]:!
Missing character: There is no ี (U+0E35) in font [lmmono8-regular]:!
Missing character: There is no ่ (U+0E48) in font [lmmono8-regular]:!
Missing character: There is no จ (U+0E08) in font [lmmono8-regular]:!
Missing character: There is no ำ (U+0E33) in font [lmmono8-regular]:!
Missing character: There is no เ (U+0E40) in font [lmmono8-regular]:!
Missing character: There is no ป (U+0E1B) in font [lmmono8-regular]:!
Missing character: There is no ็ (U+0E47) in font [lmmono8-regular]:!
Missing character: There is no น (U+0E19) in font [lmmono8-regular]:!
Missing character: There is no โ (U+0E42) in font [lmmono8-regular]:!
Missing character: There is no ห (U+0E2B) in font [lmmono8-regular]:!
Missing character: There is no ล (U+0E25) in font [lmmono8-regular]:!
Missing character: There is no ด (U+0E14) in font [lmmono8-regular]:!
Missing character: There is no ต (U+0E15) in font [lmmono8-regular]:!
Missing character: There is no ั (U+0E31) in font [lmmono8-regular]:!
Missing character: There is no ว (U+0E27) in font [lmmono8-regular]:!
Missing character: There is no แ (U+0E41) in font [lmmono8-regular]:!
Missing character: There is no ป (U+0E1B) in font [lmmono8-regular]:!
Missing character: There is no ร (U+0E23) in font [lmmono8-regular]:!
Missing character: There is no ส (U+0E2A) in font [lmmono8-regular]:!
Missing character: There is no ภ (U+0E20) in font [lmmono8-regular]:!
Missing character: There is no า (U+0E32) in font [lmmono8-regular]:!
Missing character: There is no พ (U+0E1E) in font [lmmono8-regular]:!
Missing character: There is no แ (U+0E41) in font [lmmono8-regular]:!
Missing character: There is no ว (U+0E27) in font [lmmono8-regular]:!
Missing character: There is no ด (U+0E14) in font [lmmono8-regular]:!
Missing character: There is no ล (U+0E25) in font [lmmono8-regular]:!
Missing character: There is no ้ (U+0E49) in font [lmmono8-regular]:!
Missing character: There is no อ (U+0E2D) in font [lmmono8-regular]:!
Missing character: There is no ม (U+0E21) in font [lmmono8-regular]:!
Missing character: There is no จ (U+0E08) in font [lmmono8-regular]:!
Missing character: There is no า (U+0E32) in font [lmmono8-regular]:!
Missing character: There is no ก (U+0E01) in font [lmmono8-regular]:!
Missing character: There is no ไ (U+0E44) in font [lmmono8-regular]:!
Missing character: There is no ฟ (U+0E1F) in font [lmmono8-regular]:!
Missing character: There is no ล (U+0E25) in font [lmmono8-regular]:!
Missing character: There is no ์ (U+0E4C) in font [lmmono8-regular]:!
Missing character: There is no ห (U+0E2B) in font [lmmono8-regular]:!
Missing character: There is no ล (U+0E25) in font [lmmono8-regular]:!
Missing character: There is no ั (U+0E31) in font [lmmono8-regular]:!
Missing character: There is no ก (U+0E01) in font [lmmono8-regular]:!
Missing character: There is no ส (U+0E2A) in font [lmmono8-regular]:!
Missing character: There is no ำ (U+0E33) in font [lmmono8-regular]:!
Missing character: There is no ห (U+0E2B) in font [lmmono8-regular]:!
Missing character: There is no ร (U+0E23) in font [lmmono8-regular]:!
Missing character: There is no ั (U+0E31) in font [lmmono8-regular]:!
Missing character: There is no บ (U+0E1A) in font [lmmono8-regular]:!
Missing character: There is no จ (U+0E08) in font [lmmono8-regular]:!
Missing character: There is no ั (U+0E31) in font [lmmono8-regular]:!
Missing character: There is no ด (U+0E14) in font [lmmono8-regular]:!
Missing character: There is no ก (U+0E01) in font [lmmono8-regular]:!
Missing character: There is no า (U+0E32) in font [lmmono8-regular]:!
Missing character: There is no ร (U+0E23) in font [lmmono8-regular]:!
Missing character: There is no ก (U+0E01) in font [lmmono8-regular]:!
Missing character: There is no า (U+0E32) in font [lmmono8-regular]:!
Missing character: There is no ร (U+0E23) in font [lmmono8-regular]:!
Missing character: There is no เ (U+0E40) in font [lmmono8-regular]:!
Missing character: There is no ช (U+0E0A) in font [lmmono8-regular]:!
Missing character: There is no ื (U+0E37) in font [lmmono8-regular]:!
Missing character: There is no ่ (U+0E48) in font [lmmono8-regular]:!
Missing character: There is no อ (U+0E2D) in font [lmmono8-regular]:!
Missing character: There is no ม (U+0E21) in font [lmmono8-regular]:!
Missing character: There is no ต (U+0E15) in font [lmmono8-regular]:!
Missing character: There is no ่ (U+0E48) in font [lmmono8-regular]:!
Missing character: There is no อ (U+0E2D) in font [lmmono8-regular]:!
Missing character: There is no ฐ (U+0E10) in font [lmmono8-regular]:!
Missing character: There is no า (U+0E32) in font [lmmono8-regular]:!
Missing character: There is no น (U+0E19) in font [lmmono8-regular]:!
Missing character: There is no ข (U+0E02) in font [lmmono8-regular]:!
Missing character: There is no ้ (U+0E49) in font [lmmono8-regular]:!
Missing character: There is no อ (U+0E2D) in font [lmmono8-regular]:!
Missing character: There is no ม (U+0E21) in font [lmmono8-regular]:!
Missing character: There is no ู (U+0E39) in font [lmmono8-regular]:!
Missing character: There is no ล (U+0E25) in font [lmmono8-regular]:!
Missing character: There is no น (U+0E19) in font [lmmono8-regular]:!
Missing character: There is no ำ (U+0E33) in font [lmmono8-regular]:!
Missing character: There is no เ (U+0E40) in font [lmmono8-regular]:!
Missing character: There is no ข (U+0E02) in font [lmmono8-regular]:!
Missing character: There is no ้ (U+0E49) in font [lmmono8-regular]:!
Missing character: There is no า (U+0E32) in font [lmmono8-regular]:!
Missing character: There is no เ (U+0E40) in font [lmmono8-regular]:!
Missing character: There is no พ (U+0E1E) in font [lmmono8-regular]:!
Missing character: There is no ื (U+0E37) in font [lmmono8-regular]:!
Missing character: There is no ่ (U+0E48) in font [lmmono8-regular]:!
Missing character: There is no อ (U+0E2D) in font [lmmono8-regular]:!
Missing character: There is no ใ (U+0E43) in font [lmmono8-regular]:!
Missing character: There is no ห (U+0E2B) in font [lmmono8-regular]:!
Missing character: There is no ้ (U+0E49) in font [lmmono8-regular]:!
Missing character: There is no ม (U+0E21) in font [lmmono8-regular]:!
Missing character: There is no ั (U+0E31) in font [lmmono8-regular]:!
Missing character: There is no ่ (U+0E48) in font [lmmono8-regular]:!
Missing character: There is no น (U+0E19) in font [lmmono8-regular]:!
Missing character: There is no ใ (U+0E43) in font [lmmono8-regular]:!
Missing character: There is no จ (U+0E08) in font [lmmono8-regular]:!
Missing character: There is no ว (U+0E27) in font [lmmono8-regular]:!
Missing character: There is no ่ (U+0E48) in font [lmmono8-regular]:!
Missing character: There is no า (U+0E32) in font [lmmono8-regular]:!
Missing character: There is no ถ (U+0E16) in font [lmmono8-regular]:!
Missing character: There is no ู (U+0E39) in font [lmmono8-regular]:!
Missing character: There is no ก (U+0E01) in font [lmmono8-regular]:!
Missing character: There is no ล (U+0E25) in font [lmmono8-regular]:!
Missing character: There is no ง (U+0E07) in font [lmmono8-regular]:!
Missing character: There is no ท (U+0E17) in font [lmmono8-regular]:!
Missing character: There is no ะ (U+0E30) in font [lmmono8-regular]:!
Missing character: There is no เ (U+0E40) in font [lmmono8-regular]:!
Missing character: There is no บ (U+0E1A) in font [lmmono8-regular]:!
Missing character: There is no ี (U+0E35) in font [lmmono8-regular]:!
Missing character: There is no ย (U+0E22) in font [lmmono8-regular]:!
Missing character: There is no น (U+0E19) in font [lmmono8-regular]:!
Missing character: There is no ก (U+0E01) in font [lmmono8-regular]:!
Missing character: There is no ั (U+0E31) in font [lmmono8-regular]:!
Missing character: There is no บ (U+0E1A) in font [lmmono8-regular]:!
Missing character: There is no แ (U+0E41) in font [lmmono8-regular]:!
Missing character: There is no ล (U+0E25) in font [lmmono8-regular]:!
Missing character: There is no ้ (U+0E49) in font [lmmono8-regular]:!
Missing character: There is no ว (U+0E27) in font [lmmono8-regular]:!
Missing character: There is no ส (U+0E2A) in font [lmmono8-regular]:!
Missing character: There is no ร (U+0E23) in font [lmmono8-regular]:!
Missing character: There is no ้ (U+0E49) in font [lmmono8-regular]:!
Missing character: There is no า (U+0E32) in font [lmmono8-regular]:!
Missing character: There is no ง (U+0E07) in font [lmmono8-regular]:!
Missing character: There is no ข (U+0E02) in font [lmmono8-regular]:!
Missing character: There is no อ (U+0E2D) in font [lmmono8-regular]:!
Missing character: There is no ง (U+0E07) in font [lmmono8-regular]:!
Missing character: There is no ก (U+0E01) in font [lmmono8-regular]:!
Missing character: There is no า (U+0E32) in font [lmmono8-regular]:!
Missing character: There is no ร (U+0E23) in font [lmmono8-regular]:!
Missing character: There is no ก (U+0E01) in font [lmmono8-regular]:!
Missing character: There is no ำ (U+0E33) in font [lmmono8-regular]:!
Missing character: There is no ห (U+0E2B) in font [lmmono8-regular]:!
Missing character: There is no น (U+0E19) in font [lmmono8-regular]:!
Missing character: There is no ด (U+0E14) in font [lmmono8-regular]:!
Missing character: There is no ค (U+0E04) in font [lmmono8-regular]:!
Missing character: There is no ่ (U+0E48) in font [lmmono8-regular]:!
Missing character: There is no า (U+0E32) in font [lmmono8-regular]:!
Missing character: There is no อ (U+0E2D) in font [lmmono8-regular]:!
Missing character: There is no น (U+0E19) in font [lmmono8-regular]:!
Missing character: There is no ุ (U+0E38) in font [lmmono8-regular]:!
Missing character: There is no ญ (U+0E0D) in font [lmmono8-regular]:!
Missing character: There is no า (U+0E32) in font [lmmono8-regular]:!
Missing character: There is no ต (U+0E15) in font [lmmono8-regular]:!
Missing character: There is no ใ (U+0E43) in font [lmmono8-regular]:!
Missing character: There is no ห (U+0E2B) in font [lmmono8-regular]:!
Missing character: There is no ้ (U+0E49) in font [lmmono8-regular]:!
Missing character: There is no ส (U+0E2A) in font [lmmono8-regular]:!
Missing character: There is no ่ (U+0E48) in font [lmmono8-regular]:!
Missing character: There is no ง (U+0E07) in font [lmmono8-regular]:!
Missing character: There is no ค (U+0E04) in font [lmmono8-regular]:!
Missing character: There is no ำ (U+0E33) in font [lmmono8-regular]:!
Missing character: There is no ข (U+0E02) in font [lmmono8-regular]:!
Missing character: There is no อ (U+0E2D) in font [lmmono8-regular]:!
Missing character: There is no เ (U+0E40) in font [lmmono8-regular]:!
Missing character: There is no ข (U+0E02) in font [lmmono8-regular]:!
Missing character: There is no ้ (U+0E49) in font [lmmono8-regular]:!
Missing character: There is no า (U+0E32) in font [lmmono8-regular]:!
Missing character: There is no ม (U+0E21) in font [lmmono8-regular]:!
Missing character: There is no า (U+0E32) in font [lmmono8-regular]:!
Missing character: There is no ไ (U+0E44) in font [lmmono8-regular]:!
Missing character: There is no ด (U+0E14) in font [lmmono8-regular]:!
Missing character: There is no ้ (U+0E49) in font [lmmono8-regular]:!
Missing character: There is no อ (U+0E2D) in font [lmmono8-regular]:!
Missing character: There is no น (U+0E19) in font [lmmono8-regular]:!
Missing character: There is no ุ (U+0E38) in font [lmmono8-regular]:!
Missing character: There is no ญ (U+0E0D) in font [lmmono8-regular]:!
Missing character: There is no า (U+0E32) in font [lmmono8-regular]:!
Missing character: There is no ต (U+0E15) in font [lmmono8-regular]:!
Missing character: There is no เ (U+0E40) in font [lmmono8-regular]:!
Missing character: There is no ฉ (U+0E09) in font [lmmono8-regular]:!
Missing character: There is no พ (U+0E1E) in font [lmmono8-regular]:!
Missing character: There is no า (U+0E32) in font [lmmono8-regular]:!
Missing character: There is no ะ (U+0E30) in font [lmmono8-regular]:!
Missing character: There is no น (U+0E19) in font [lmmono8-regular]:!
Missing character: There is no ี (U+0E35) in font [lmmono8-regular]:!
Missing character: There is no ้ (U+0E49) in font [lmmono8-regular]:!
Missing character: There is no ท (U+0E17) in font [lmmono8-regular]:!
Missing character: There is no ี (U+0E35) in font [lmmono8-regular]:!
Missing character: There is no ่ (U+0E48) in font [lmmono8-regular]:!
Missing character: There is no อ (U+0E2D) in font [lmmono8-regular]:!
Missing character: There is no น (U+0E19) in font [lmmono8-regular]:!
Missing character: There is no ุ (U+0E38) in font [lmmono8-regular]:!
Missing character: There is no ญ (U+0E0D) in font [lmmono8-regular]:!
Missing character: There is no า (U+0E32) in font [lmmono8-regular]:!
Missing character: There is no ต (U+0E15) in font [lmmono8-regular]:!
Missing character: There is no ท (U+0E17) in font [lmmono8-regular]:!
Missing character: There is no ี (U+0E35) in font [lmmono8-regular]:!
Missing character: There is no ่ (U+0E48) in font [lmmono8-regular]:!
Missing character: There is no อ (U+0E2D) in font [lmmono8-regular]:!
Missing character: There is no น (U+0E19) in font [lmmono8-regular]:!
Missing character: There is no ุ (U+0E38) in font [lmmono8-regular]:!
Missing character: There is no ญ (U+0E0D) in font [lmmono8-regular]:!
Missing character: There is no า (U+0E32) in font [lmmono8-regular]:!
Missing character: There is no ต (U+0E15) in font [lmmono8-regular]:!
Missing character: There is no แ (U+0E41) in font [lmmono8-regular]:!
Missing character: There is no ป (U+0E1B) in font [lmmono8-regular]:!
Missing character: There is no ล (U+0E25) in font [lmmono8-regular]:!
Missing character: There is no ง (U+0E07) in font [lmmono8-regular]:!
Missing character: There is no ข (U+0E02) in font [lmmono8-regular]:!
Missing character: There is no ้ (U+0E49) in font [lmmono8-regular]:!
Missing character: There is no อ (U+0E2D) in font [lmmono8-regular]:!
Missing character: There is no ม (U+0E21) in font [lmmono8-regular]:!
Missing character: There is no ู (U+0E39) in font [lmmono8-regular]:!
Missing character: There is no ล (U+0E25) in font [lmmono8-regular]:!
Missing character: There is no ท (U+0E17) in font [lmmono8-regular]:!
Missing character: There is no ี (U+0E35) in font [lmmono8-regular]:!
Missing character: There is no ่ (U+0E48) in font [lmmono8-regular]:!
Missing character: There is no ส (U+0E2A) in font [lmmono8-regular]:!
Missing character: There is no ่ (U+0E48) in font [lmmono8-regular]:!
Missing character: There is no ง (U+0E07) in font [lmmono8-regular]:!
Missing character: There is no เ (U+0E40) in font [lmmono8-regular]:!
Missing character: There is no ข (U+0E02) in font [lmmono8-regular]:!
Missing character: There is no ้ (U+0E49) in font [lmmono8-regular]:!
Missing character: There is no า (U+0E32) in font [lmmono8-regular]:!
Missing character: There is no ม (U+0E21) in font [lmmono8-regular]:!
Missing character: There is no า (U+0E32) in font [lmmono8-regular]:!
Missing character: There is no ใ (U+0E43) in font [lmmono8-regular]:!
Missing character: There is no น (U+0E19) in font [lmmono8-regular]:!
Missing character: There is no ก (U+0E01) in font [lmmono8-regular]:!
Missing character: There is no า (U+0E32) in font [lmmono8-regular]:!
Missing character: There is no ร (U+0E23) in font [lmmono8-regular]:!
Missing character: There is no เ (U+0E40) in font [lmmono8-regular]:!
Missing character: There is no ช (U+0E0A) in font [lmmono8-regular]:!
Missing character: There is no ื (U+0E37) in font [lmmono8-regular]:!
Missing character: There is no ่ (U+0E48) in font [lmmono8-regular]:!
Missing character: There is no อ (U+0E2D) in font [lmmono8-regular]:!
Missing character: There is no ม (U+0E21) in font [lmmono8-regular]:!
Missing character: There is no ต (U+0E15) in font [lmmono8-regular]:!
Missing character: There is no ่ (U+0E48) in font [lmmono8-regular]:!
Missing character: There is no อ (U+0E2D) in font [lmmono8-regular]:!
Missing character: There is no ฐ (U+0E10) in font [lmmono8-regular]:!
Missing character: There is no า (U+0E32) in font [lmmono8-regular]:!
Missing character: There is no น (U+0E19) in font [lmmono8-regular]:!
Missing character: There is no ข (U+0E02) in font [lmmono8-regular]:!
Missing character: There is no ้ (U+0E49) in font [lmmono8-regular]:!
Missing character: There is no อ (U+0E2D) in font [lmmono8-regular]:!
Missing character: There is no ม (U+0E21) in font [lmmono8-regular]:!
Missing character: There is no ู (U+0E39) in font [lmmono8-regular]:!
Missing character: There is no ล (U+0E25) in font [lmmono8-regular]:!
Missing character: There is no แ (U+0E41) in font [lmmono8-regular]:!
Missing character: There is no ล (U+0E25) in font [lmmono8-regular]:!
Missing character: There is no ะ (U+0E30) in font [lmmono8-regular]:!
Missing character: There is no ก (U+0E01) in font [lmmono8-regular]:!
Missing character: There is no า (U+0E32) in font [lmmono8-regular]:!
Missing character: There is no ร (U+0E23) in font [lmmono8-regular]:!
Missing character: There is no ซ (U+0E0B) in font [lmmono8-regular]:!
Missing character: There is no ิ (U+0E34) in font [lmmono8-regular]:!
Missing character: There is no ง (U+0E07) in font [lmmono8-regular]:!
Missing character: There is no ค (U+0E04) in font [lmmono8-regular]:!
Missing character: There is no ์ (U+0E4C) in font [lmmono8-regular]:!
Missing character: There is no เ (U+0E40) in font [lmmono8-regular]:!
Missing character: There is no ช (U+0E0A) in font [lmmono8-regular]:!
Missing character: There is no ื (U+0E37) in font [lmmono8-regular]:!
Missing character: There is no ่ (U+0E48) in font [lmmono8-regular]:!
Missing character: There is no อ (U+0E2D) in font [lmmono8-regular]:!
Missing character: There is no ม (U+0E21) in font [lmmono8-regular]:!
Missing character: There is no ต (U+0E15) in font [lmmono8-regular]:!
Missing character: There is no ่ (U+0E48) in font [lmmono8-regular]:!
Missing character: There is no อ (U+0E2D) in font [lmmono8-regular]:!
Missing character: There is no ก (U+0E01) in font [lmmono8-regular]:!
Missing character: There is no ั (U+0E31) in font [lmmono8-regular]:!
Missing character: There is no บ (U+0E1A) in font [lmmono8-regular]:!
Missing character: There is no ฐ (U+0E10) in font [lmmono8-regular]:!
Missing character: There is no า (U+0E32) in font [lmmono8-regular]:!
Missing character: There is no น (U+0E19) in font [lmmono8-regular]:!
Missing character: There is no ข (U+0E02) in font [lmmono8-regular]:!
Missing character: There is no ้ (U+0E49) in font [lmmono8-regular]:!
Missing character: There is no อ (U+0E2D) in font [lmmono8-regular]:!
Missing character: There is no ม (U+0E21) in font [lmmono8-regular]:!
Missing character: There is no ู (U+0E39) in font [lmmono8-regular]:!
Missing character: There is no ล (U+0E25) in font [lmmono8-regular]:!
Missing character: There is no แ (U+0E41) in font [lmmono8-regular]:!
Missing character: There is no ล (U+0E25) in font [lmmono8-regular]:!
Missing character: There is no ะ (U+0E30) in font [lmmono8-regular]:!
Missing character: There is no ซ (U+0E0B) in font [lmmono8-regular]:!
Missing character: There is no ิ (U+0E34) in font [lmmono8-regular]:!
Missing character: There is no ง (U+0E07) in font [lmmono8-regular]:!
Missing character: There is no ค (U+0E04) in font [lmmono8-regular]:!
Missing character: There is no ์ (U+0E4C) in font [lmmono8-regular]:!
Missing character: There is no ก (U+0E01) in font [lmmono8-regular]:!
Missing character: There is no า (U+0E32) in font [lmmono8-regular]:!
Missing character: There is no ร (U+0E23) in font [lmmono8-regular]:!
Missing character: There is no ใ (U+0E43) in font [lmmono8-regular]:!
Missing character: There is no ช (U+0E0A) in font [lmmono8-regular]:!
Missing character: There is no ้ (U+0E49) in font [lmmono8-regular]:!
Missing character: There is no ช (U+0E0A) in font [lmmono8-regular]:!
Missing character: There is no ่ (U+0E48) in font [lmmono8-regular]:!
Missing character: There is no ว (U+0E27) in font [lmmono8-regular]:!
Missing character: There is no ย (U+0E22) in font [lmmono8-regular]:!
Missing character: There is no ใ (U+0E43) in font [lmmono8-regular]:!
Missing character: There is no ห (U+0E2B) in font [lmmono8-regular]:!
Missing character: There is no ้ (U+0E49) in font [lmmono8-regular]:!
Missing character: There is no อ (U+0E2D) in font [lmmono8-regular]:!
Missing character: There is no ั (U+0E31) in font [lmmono8-regular]:!
Missing character: There is no ป (U+0E1B) in font [lmmono8-regular]:!
Missing character: There is no เ (U+0E40) in font [lmmono8-regular]:!
Missing character: There is no ด (U+0E14) in font [lmmono8-regular]:!
Missing character: There is no ต (U+0E15) in font [lmmono8-regular]:!
Missing character: There is no ต (U+0E15) in font [lmmono8-regular]:!
Missing character: There is no า (U+0E32) in font [lmmono8-regular]:!
Missing character: There is no ร (U+0E23) in font [lmmono8-regular]:!
Missing character: There is no า (U+0E32) in font [lmmono8-regular]:!
Missing character: There is no ง (U+0E07) in font [lmmono8-regular]:!
Missing character: There is no ใ (U+0E43) in font [lmmono8-regular]:!
Missing character: There is no ห (U+0E2B) in font [lmmono8-regular]:!
Missing character: There is no ้ (U+0E49) in font [lmmono8-regular]:!
Missing character: There is no ต (U+0E15) in font [lmmono8-regular]:!
Missing character: There is no ร (U+0E23) in font [lmmono8-regular]:!
Missing character: There is no ง (U+0E07) in font [lmmono8-regular]:!
Missing character: There is no ก (U+0E01) in font [lmmono8-regular]:!
Missing character: There is no ั (U+0E31) in font [lmmono8-regular]:!
Missing character: There is no บ (U+0E1A) in font [lmmono8-regular]:!
Missing character: There is no โ (U+0E42) in font [lmmono8-regular]:!
Missing character: There is no ด (U+0E14) in font [lmmono8-regular]:!
Missing character: There is no ย (U+0E22) in font [lmmono8-regular]:!
Missing character: There is no ไ (U+0E44) in font [lmmono8-regular]:!
Missing character: There is no ม (U+0E21) in font [lmmono8-regular]:!
Missing character: There is no ่ (U+0E48) in font [lmmono8-regular]:!
Missing character: There is no ล (U+0E25) in font [lmmono8-regular]:!
Missing character: There is no บ (U+0E1A) in font [lmmono8-regular]:!
Missing character: There is no ข (U+0E02) in font [lmmono8-regular]:!
Missing character: There is no ้ (U+0E49) in font [lmmono8-regular]:!
Missing character: There is no อ (U+0E2D) in font [lmmono8-regular]:!
Missing character: There is no ม (U+0E21) in font [lmmono8-regular]:!
Missing character: There is no ู (U+0E39) in font [lmmono8-regular]:!
Missing character: There is no ล (U+0E25) in font [lmmono8-regular]:!
Missing character: There is no เ (U+0E40) in font [lmmono8-regular]:!
Missing character: There is no ด (U+0E14) in font [lmmono8-regular]:!
Missing character: There is no ิ (U+0E34) in font [lmmono8-regular]:!
Missing character: There is no ม (U+0E21) in font [lmmono8-regular]:!
Missing character: There is no ม (U+0E21) in font [lmmono8-regular]:!
Missing character: There is no ี (U+0E35) in font [lmmono8-regular]:!
Missing character: There is no ป (U+0E1B) in font [lmmono8-regular]:!
Missing character: There is no ร (U+0E23) in font [lmmono8-regular]:!
Missing character: There is no ะ (U+0E30) in font [lmmono8-regular]:!
Missing character: There is no โ (U+0E42) in font [lmmono8-regular]:!
Missing character: There is no ย (U+0E22) in font [lmmono8-regular]:!
Missing character: There is no ช (U+0E0A) in font [lmmono8-regular]:!
Missing character: There is no น (U+0E19) in font [lmmono8-regular]:!
Missing character: There is no ์ (U+0E4C) in font [lmmono8-regular]:!
Missing character: There is no ม (U+0E21) in font [lmmono8-regular]:!
Missing character: There is no า (U+0E32) in font [lmmono8-regular]:!
Missing character: There is no ก (U+0E01) in font [lmmono8-regular]:!
Missing character: There is no ใ (U+0E43) in font [lmmono8-regular]:!
Missing character: There is no น (U+0E19) in font [lmmono8-regular]:!
Missing character: There is no ช (U+0E0A) in font [lmmono8-regular]:!
Missing character: There is no ่ (U+0E48) in font [lmmono8-regular]:!
Missing character: There is no ว (U+0E27) in font [lmmono8-regular]:!
Missing character: There is no ง (U+0E07) in font [lmmono8-regular]:!
Missing character: There is no พ (U+0E1E) in font [lmmono8-regular]:!
Missing character: There is no ั (U+0E31) in font [lmmono8-regular]:!
Missing character: There is no ฒ (U+0E12) in font [lmmono8-regular]:!
Missing character: There is no น (U+0E19) in font [lmmono8-regular]:!
Missing character: There is no า (U+0E32) in font [lmmono8-regular]:!
Missing character: There is no ก (U+0E01) in font [lmmono8-regular]:!
Missing character: There is no า (U+0E32) in font [lmmono8-regular]:!
Missing character: There is no ร (U+0E23) in font [lmmono8-regular]:!
Missing character: There is no ก (U+0E01) in font [lmmono8-regular]:!
Missing character: There is no ำ (U+0E33) in font [lmmono8-regular]:!
Missing character: There is no ห (U+0E2B) in font [lmmono8-regular]:!
Missing character: There is no น (U+0E19) in font [lmmono8-regular]:!
Missing character: There is no ด (U+0E14) in font [lmmono8-regular]:!
Missing character: There is no เ (U+0E40) in font [lmmono8-regular]:!
Missing character: There is no ส (U+0E2A) in font [lmmono8-regular]:!
Missing character: There is no ้ (U+0E49) in font [lmmono8-regular]:!
Missing character: There is no น (U+0E19) in font [lmmono8-regular]:!
Missing character: There is no ท (U+0E17) in font [lmmono8-regular]:!
Missing character: There is no า (U+0E32) in font [lmmono8-regular]:!
Missing character: There is no ง (U+0E07) in font [lmmono8-regular]:!
[116

]
Missing character: There is no ต (U+0E15) in font [lmmono8-regular]:!
Missing character: There is no ร (U+0E23) in font [lmmono8-regular]:!
Missing character: There is no ว (U+0E27) in font [lmmono8-regular]:!
Missing character: There is no จ (U+0E08) in font [lmmono8-regular]:!
Missing character: There is no ส (U+0E2A) in font [lmmono8-regular]:!
Missing character: There is no อ (U+0E2D) in font [lmmono8-regular]:!
Missing character: There is no บ (U+0E1A) in font [lmmono8-regular]:!
Missing character: There is no แ (U+0E41) in font [lmmono8-regular]:!
Missing character: There is no บ (U+0E1A) in font [lmmono8-regular]:!
Missing character: There is no บ (U+0E1A) in font [lmmono8-regular]:!
Missing character: There is no เ (U+0E40) in font [lmmono8-regular]:!
Missing character: There is no พ (U+0E1E) in font [lmmono8-regular]:!
Missing character: There is no ื (U+0E37) in font [lmmono8-regular]:!
Missing character: There is no ่ (U+0E48) in font [lmmono8-regular]:!
Missing character: There is no อ (U+0E2D) in font [lmmono8-regular]:!
Missing character: There is no ค (U+0E04) in font [lmmono8-regular]:!
Missing character: There is no ว (U+0E27) in font [lmmono8-regular]:!
Missing character: There is no า (U+0E32) in font [lmmono8-regular]:!
Missing character: There is no ม (U+0E21) in font [lmmono8-regular]:!
Missing character: There is no ง (U+0E07) in font [lmmono8-regular]:!
Missing character: There is no ่ (U+0E48) in font [lmmono8-regular]:!
Missing character: There is no า (U+0E32) in font [lmmono8-regular]:!
Missing character: There is no ย (U+0E22) in font [lmmono8-regular]:!
Missing character: There is no ใ (U+0E43) in font [lmmono8-regular]:!
Missing character: There is no น (U+0E19) in font [lmmono8-regular]:!
Missing character: There is no โ (U+0E42) in font [lmmono8-regular]:!
Missing character: There is no ป (U+0E1B) in font [lmmono8-regular]:!
Missing character: There is no ร (U+0E23) in font [lmmono8-regular]:!
Missing character: There is no เ (U+0E40) in font [lmmono8-regular]:!
Missing character: There is no จ (U+0E08) in font [lmmono8-regular]:!
Missing character: There is no ก (U+0E01) in font [lmmono8-regular]:!
Missing character: There is no ต (U+0E15) in font [lmmono8-regular]:!
Missing character: There is no ์ (U+0E4C) in font [lmmono8-regular]:!
Missing character: There is no ก (U+0E01) in font [lmmono8-regular]:!
Missing character: There is no า (U+0E32) in font [lmmono8-regular]:!
Missing character: There is no ร (U+0E23) in font [lmmono8-regular]:!
Missing character: There is no ศ (U+0E28) in font [lmmono8-regular]:!
Missing character: There is no ึ (U+0E36) in font [lmmono8-regular]:!
Missing character: There is no ก (U+0E01) in font [lmmono8-regular]:!
Missing character: There is no ษ (U+0E29) in font [lmmono8-regular]:!
Missing character: There is no า (U+0E32) in font [lmmono8-regular]:!
Missing character: There is no น (U+0E19) in font [lmmono8-regular]:!
Missing character: There is no ี (U+0E35) in font [lmmono8-regular]:!
Missing character: There is no ้ (U+0E49) in font [lmmono8-regular]:!
Missing character: There is no ใ (U+0E43) in font [lmmono8-regular]:!
Missing character: There is no น (U+0E19) in font [lmmono8-regular]:!
Missing character: There is no ร (U+0E23) in font [lmmono8-regular]:!
Missing character: There is no ะ (U+0E30) in font [lmmono8-regular]:!
Missing character: There is no บ (U+0E1A) in font [lmmono8-regular]:!
Missing character: There is no บ (U+0E1A) in font [lmmono8-regular]:!
Missing character: There is no จ (U+0E08) in font [lmmono8-regular]:!
Missing character: There is no ร (U+0E23) in font [lmmono8-regular]:!
Missing character: There is no ิ (U+0E34) in font [lmmono8-regular]:!
Missing character: There is no ง (U+0E07) in font [lmmono8-regular]:!
Missing character: There is no ค (U+0E04) in font [lmmono8-regular]:!
Missing character: There is no ว (U+0E27) in font [lmmono8-regular]:!
Missing character: There is no ร (U+0E23) in font [lmmono8-regular]:!
Missing character: There is no ส (U+0E2A) in font [lmmono8-regular]:!
Missing character: There is no ร (U+0E23) in font [lmmono8-regular]:!
Missing character: There is no ้ (U+0E49) in font [lmmono8-regular]:!
Missing character: There is no า (U+0E32) in font [lmmono8-regular]:!
Missing character: There is no ง (U+0E07) in font [lmmono8-regular]:!
Missing character: There is no ท (U+0E17) in font [lmmono8-regular]:!
Missing character: There is no ี (U+0E35) in font [lmmono8-regular]:!
Missing character: There is no ่ (U+0E48) in font [lmmono8-regular]:!
Missing character: There is no ถ (U+0E16) in font [lmmono8-regular]:!
Missing character: There is no ู (U+0E39) in font [lmmono8-regular]:!
Missing character: There is no ก (U+0E01) in font [lmmono8-regular]:!
Missing character: There is no ต (U+0E15) in font [lmmono8-regular]:!
Missing character: There is no ้ (U+0E49) in font [lmmono8-regular]:!
Missing character: There is no อ (U+0E2D) in font [lmmono8-regular]:!
Missing character: There is no ง (U+0E07) in font [lmmono8-regular]:!
Missing character: There is no ก (U+0E01) in font [lmmono8-regular]:!
Missing character: There is no า (U+0E32) in font [lmmono8-regular]:!
Missing character: There is no ร (U+0E23) in font [lmmono8-regular]:!
Missing character: There is no ย (U+0E22) in font [lmmono8-regular]:!
Missing character: There is no ื (U+0E37) in font [lmmono8-regular]:!
Missing character: There is no น (U+0E19) in font [lmmono8-regular]:!
Missing character: There is no ย (U+0E22) in font [lmmono8-regular]:!
Missing character: There is no ั (U+0E31) in font [lmmono8-regular]:!
Missing character: There is no น (U+0E19) in font [lmmono8-regular]:!
Missing character: There is no ต (U+0E15) in font [lmmono8-regular]:!
Missing character: There is no ั (U+0E31) in font [lmmono8-regular]:!
Missing character: There is no ว (U+0E27) in font [lmmono8-regular]:!
Missing character: There is no ต (U+0E15) in font [lmmono8-regular]:!
Missing character: There is no น (U+0E19) in font [lmmono8-regular]:!
Missing character: There is no ส (U+0E2A) in font [lmmono8-regular]:!
Missing character: There is no ม (U+0E21) in font [lmmono8-regular]:!
Missing character: There is no า (U+0E32) in font [lmmono8-regular]:!
Missing character: There is no ช (U+0E0A) in font [lmmono8-regular]:!
Missing character: There is no ิ (U+0E34) in font [lmmono8-regular]:!
Missing character: There is no ก (U+0E01) in font [lmmono8-regular]:!
Missing character: There is no ต (U+0E15) in font [lmmono8-regular]:!
Missing character: There is no ร (U+0E23) in font [lmmono8-regular]:!
Missing character: There is no ว (U+0E27) in font [lmmono8-regular]:!
Missing character: There is no จ (U+0E08) in font [lmmono8-regular]:!
Missing character: There is no ส (U+0E2A) in font [lmmono8-regular]:!
Missing character: There is no อ (U+0E2D) in font [lmmono8-regular]:!
Missing character: There is no บ (U+0E1A) in font [lmmono8-regular]:!
Missing character: There is no เ (U+0E40) in font [lmmono8-regular]:!
Missing character: There is no บ (U+0E1A) in font [lmmono8-regular]:!
Missing character: There is no อ (U+0E2D) in font [lmmono8-regular]:!
Missing character: There is no ร (U+0E23) in font [lmmono8-regular]:!
Missing character: There is no ์ (U+0E4C) in font [lmmono8-regular]:!
Missing character: There is no โ (U+0E42) in font [lmmono8-regular]:!
Missing character: There is no ท (U+0E17) in font [lmmono8-regular]:!
Missing character: There is no ร (U+0E23) in font [lmmono8-regular]:!
Missing character: There is no ศ (U+0E28) in font [lmmono8-regular]:!
Missing character: There is no ั (U+0E31) in font [lmmono8-regular]:!
Missing character: There is no พ (U+0E1E) in font [lmmono8-regular]:!
Missing character: There is no ท (U+0E17) in font [lmmono8-regular]:!
Missing character: There is no ์ (U+0E4C) in font [lmmono8-regular]:!
Missing character: There is no ใ (U+0E43) in font [lmmono8-regular]:!
Missing character: There is no ช (U+0E0A) in font [lmmono8-regular]:!
Missing character: There is no ้ (U+0E49) in font [lmmono8-regular]:!
Missing character: There is no แ (U+0E41) in font [lmmono8-regular]:!
Missing character: There is no ท (U+0E17) in font [lmmono8-regular]:!
Missing character: There is no น (U+0E19) in font [lmmono8-regular]:!
Missing character: There is no ร (U+0E23) in font [lmmono8-regular]:!
Missing character: There is no ห (U+0E2B) in font [lmmono8-regular]:!
Missing character: There is no ั (U+0E31) in font [lmmono8-regular]:!
Missing character: There is no ส (U+0E2A) in font [lmmono8-regular]:!
Missing character: There is no ผ (U+0E1C) in font [lmmono8-regular]:!
Missing character: There is no ่ (U+0E48) in font [lmmono8-regular]:!
Missing character: There is no า (U+0E32) in font [lmmono8-regular]:!
Missing character: There is no น (U+0E19) in font [lmmono8-regular]:!
Missing character: There is no ใ (U+0E43) in font [lmmono8-regular]:!
Missing character: There is no น (U+0E19) in font [lmmono8-regular]:!
Missing character: There is no ร (U+0E23) in font [lmmono8-regular]:!
Missing character: There is no ะ (U+0E30) in font [lmmono8-regular]:!
Missing character: There is no บ (U+0E1A) in font [lmmono8-regular]:!
Missing character: There is no บ (U+0E1A) in font [lmmono8-regular]:!
Missing character: There is no น (U+0E19) in font [lmmono8-regular]:!
Missing character: There is no ี (U+0E35) in font [lmmono8-regular]:!
Missing character: There is no ้ (U+0E49) in font [lmmono8-regular]:!
Missing character: There is no เ (U+0E40) in font [lmmono8-regular]:!
Missing character: There is no ข (U+0E02) in font [lmmono8-regular]:!
Missing character: There is no ้ (U+0E49) in font [lmmono8-regular]:!
Missing character: There is no า (U+0E32) in font [lmmono8-regular]:!
Missing character: There is no ส (U+0E2A) in font [lmmono8-regular]:!
Missing character: There is no ู (U+0E39) in font [lmmono8-regular]:!
Missing character: There is no ่ (U+0E48) in font [lmmono8-regular]:!
Missing character: There is no ร (U+0E23) in font [lmmono8-regular]:!
Missing character: There is no ะ (U+0E30) in font [lmmono8-regular]:!
Missing character: There is no บ (U+0E1A) in font [lmmono8-regular]:!
Missing character: There is no บ (U+0E1A) in font [lmmono8-regular]:!
Missing character: There is no ส (U+0E2A) in font [lmmono8-regular]:!
Missing character: There is no ำ (U+0E33) in font [lmmono8-regular]:!
Missing character: There is no เ (U+0E40) in font [lmmono8-regular]:!
Missing character: There is no ร (U+0E23) in font [lmmono8-regular]:!
Missing character: There is no ็ (U+0E47) in font [lmmono8-regular]:!
Missing character: There is no จ (U+0E08) in font [lmmono8-regular]:!
Missing character: There is no เ (U+0E40) in font [lmmono8-regular]:!
Missing character: There is no ร (U+0E23) in font [lmmono8-regular]:!
Missing character: There is no ิ (U+0E34) in font [lmmono8-regular]:!
Missing character: There is no ่ (U+0E48) in font [lmmono8-regular]:!
Missing character: There is no ม (U+0E21) in font [lmmono8-regular]:!
Missing character: There is no ต (U+0E15) in font [lmmono8-regular]:!
Missing character: There is no ้ (U+0E49) in font [lmmono8-regular]:!
Missing character: There is no น (U+0E19) in font [lmmono8-regular]:!
Missing character: There is no เ (U+0E40) in font [lmmono8-regular]:!
Missing character: There is no ซ (U+0E0B) in font [lmmono8-regular]:!
Missing character: There is no ิ (U+0E34) in font [lmmono8-regular]:!
Missing character: There is no ร (U+0E23) in font [lmmono8-regular]:!
Missing character: There is no ์ (U+0E4C) in font [lmmono8-regular]:!
Missing character: There is no ฟ (U+0E1F) in font [lmmono8-regular]:!
Missing character: There is no เ (U+0E40) in font [lmmono8-regular]:!
Missing character: There is no ว (U+0E27) in font [lmmono8-regular]:!
Missing character: There is no อ (U+0E2D) in font [lmmono8-regular]:!
Missing character: There is no ร (U+0E23) in font [lmmono8-regular]:!
Missing character: There is no ์ (U+0E4C) in font [lmmono8-regular]:!
Missing character: There is no น (U+0E19) in font [lmmono8-regular]:!
Missing character: There is no ำ (U+0E33) in font [lmmono8-regular]:!
Missing character: There is no เ (U+0E40) in font [lmmono8-regular]:!
Missing character: There is no ข (U+0E02) in font [lmmono8-regular]:!
Missing character: There is no ้ (U+0E49) in font [lmmono8-regular]:!
Missing character: There is no า (U+0E32) in font [lmmono8-regular]:!
Missing character: There is no ก (U+0E01) in font [lmmono8-regular]:!
Missing character: There is no า (U+0E32) in font [lmmono8-regular]:!
Missing character: There is no ร (U+0E23) in font [lmmono8-regular]:!
Missing character: There is no เ (U+0E40) in font [lmmono8-regular]:!
Missing character: There is no ช (U+0E0A) in font [lmmono8-regular]:!
Missing character: There is no ื (U+0E37) in font [lmmono8-regular]:!
Missing character: There is no ่ (U+0E48) in font [lmmono8-regular]:!
Missing character: There is no อ (U+0E2D) in font [lmmono8-regular]:!
Missing character: There is no ม (U+0E21) in font [lmmono8-regular]:!
Missing character: There is no ต (U+0E15) in font [lmmono8-regular]:!
Missing character: There is no ่ (U+0E48) in font [lmmono8-regular]:!
Missing character: There is no อ (U+0E2D) in font [lmmono8-regular]:!
Missing character: There is no เ (U+0E40) in font [lmmono8-regular]:!
Missing character: There is no ป (U+0E1B) in font [lmmono8-regular]:!
Missing character: There is no ็ (U+0E47) in font [lmmono8-regular]:!
Missing character: There is no น (U+0E19) in font [lmmono8-regular]:!
Missing character: There is no ต (U+0E15) in font [lmmono8-regular]:!
Missing character: There is no ั (U+0E31) in font [lmmono8-regular]:!
Missing character: There is no ว (U+0E27) in font [lmmono8-regular]:!
Missing character: There is no แ (U+0E41) in font [lmmono8-regular]:!
Missing character: There is no ท (U+0E17) in font [lmmono8-regular]:!
Missing character: There is no น (U+0E19) in font [lmmono8-regular]:!
Missing character: There is no ข (U+0E02) in font [lmmono8-regular]:!
Missing character: There is no อ (U+0E2D) in font [lmmono8-regular]:!
Missing character: There is no ง (U+0E07) in font [lmmono8-regular]:!
Missing character: There is no เ (U+0E40) in font [lmmono8-regular]:!
Missing character: There is no ซ (U+0E0B) in font [lmmono8-regular]:!
Missing character: There is no ส (U+0E2A) in font [lmmono8-regular]:!
Missing character: There is no ช (U+0E0A) in font [lmmono8-regular]:!
Missing character: There is no ั (U+0E31) in font [lmmono8-regular]:!
Missing character: There is no น (U+0E19) in font [lmmono8-regular]:!
Missing character: There is no ก (U+0E01) in font [lmmono8-regular]:!
Missing character: There is no า (U+0E32) in font [lmmono8-regular]:!
Missing character: There is no ร (U+0E23) in font [lmmono8-regular]:!
Missing character: There is no ฝ (U+0E1D) in font [lmmono8-regular]:!
Missing character: There is no ึ (U+0E36) in font [lmmono8-regular]:!
Missing character: There is no ก (U+0E01) in font [lmmono8-regular]:!
Missing character: There is no ซ (U+0E0B) in font [lmmono8-regular]:!
Missing character: There is no ้ (U+0E49) in font [lmmono8-regular]:!
Missing character: There is no อ (U+0E2D) in font [lmmono8-regular]:!
Missing character: There is no ม (U+0E21) in font [lmmono8-regular]:!
Missing character: There is no ท (U+0E17) in font [lmmono8-regular]:!
Missing character: There is no ี (U+0E35) in font [lmmono8-regular]:!
Missing character: There is no ่ (U+0E48) in font [lmmono8-regular]:!
Missing character: There is no ม (U+0E21) in font [lmmono8-regular]:!
Missing character: There is no ี (U+0E35) in font [lmmono8-regular]:!
Missing character: There is no ก (U+0E01) in font [lmmono8-regular]:!
Missing character: There is no า (U+0E32) in font [lmmono8-regular]:!
Missing character: There is no ร (U+0E23) in font [lmmono8-regular]:!
Missing character: There is no จ (U+0E08) in font [lmmono8-regular]:!
Missing character: There is no อ (U+0E2D) in font [lmmono8-regular]:!
Missing character: There is no ง (U+0E07) in font [lmmono8-regular]:!
Missing character: There is no ไ (U+0E44) in font [lmmono8-regular]:!
Missing character: There is no ว (U+0E27) in font [lmmono8-regular]:!
Missing character: There is no ้ (U+0E49) in font [lmmono8-regular]:!
Missing character: There is no ใ (U+0E43) in font [lmmono8-regular]:!
Missing character: There is no น (U+0E19) in font [lmmono8-regular]:!
Missing character: There is no ร (U+0E23) in font [lmmono8-regular]:!
Missing character: There is no ะ (U+0E30) in font [lmmono8-regular]:!
Missing character: There is no บ (U+0E1A) in font [lmmono8-regular]:!
Missing character: There is no บ (U+0E1A) in font [lmmono8-regular]:!
Missing character: There is no เ (U+0E40) in font [lmmono8-regular]:!
Missing character: There is no ช (U+0E0A) in font [lmmono8-regular]:!
Missing character: There is no ื (U+0E37) in font [lmmono8-regular]:!
Missing character: There is no ่ (U+0E48) in font [lmmono8-regular]:!
Missing character: There is no อ (U+0E2D) in font [lmmono8-regular]:!
Missing character: There is no ม (U+0E21) in font [lmmono8-regular]:!
Missing character: There is no โ (U+0E42) in font [lmmono8-regular]:!
Missing character: There is no ย (U+0E22) in font [lmmono8-regular]:!
Missing character: There is no ง (U+0E07) in font [lmmono8-regular]:!
Missing character: There is no ก (U+0E01) in font [lmmono8-regular]:!
Missing character: There is no ั (U+0E31) in font [lmmono8-regular]:!
Missing character: There is no บ (U+0E1A) in font [lmmono8-regular]:!
Missing character: There is no ต (U+0E15) in font [lmmono8-regular]:!
Missing character: There is no า (U+0E32) in font [lmmono8-regular]:!
Missing character: There is no ร (U+0E23) in font [lmmono8-regular]:!
Missing character: There is no า (U+0E32) in font [lmmono8-regular]:!
Missing character: There is no ง (U+0E07) in font [lmmono8-regular]:!
Missing character: There is no ใ (U+0E43) in font [lmmono8-regular]:!
Missing character: There is no น (U+0E19) in font [lmmono8-regular]:!
Missing character: There is no ว (U+0E27) in font [lmmono8-regular]:!
Missing character: There is no ั (U+0E31) in font [lmmono8-regular]:!
Missing character: There is no น (U+0E19) in font [lmmono8-regular]:!
Missing character: There is no ท (U+0E17) in font [lmmono8-regular]:!
Missing character: There is no ี (U+0E35) in font [lmmono8-regular]:!
Missing character: There is no ่ (U+0E48) in font [lmmono8-regular]:!
Missing character: There is no แ (U+0E41) in font [lmmono8-regular]:!
Missing character: There is no ล (U+0E25) in font [lmmono8-regular]:!
Missing character: There is no ะ (U+0E30) in font [lmmono8-regular]:!
Missing character: There is no เ (U+0E40) in font [lmmono8-regular]:!
Missing character: There is no ว (U+0E27) in font [lmmono8-regular]:!
Missing character: There is no ล (U+0E25) in font [lmmono8-regular]:!
Missing character: There is no า (U+0E32) in font [lmmono8-regular]:!
Missing character: There is no เ (U+0E40) in font [lmmono8-regular]:!
Missing character: There is no ร (U+0E23) in font [lmmono8-regular]:!
Missing character: There is no ิ (U+0E34) in font [lmmono8-regular]:!
Missing character: There is no ่ (U+0E48) in font [lmmono8-regular]:!
Missing character: There is no ม (U+0E21) in font [lmmono8-regular]:!
Missing character: There is no ต (U+0E15) in font [lmmono8-regular]:!
Missing character: There is no ้ (U+0E49) in font [lmmono8-regular]:!
Missing character: There is no น (U+0E19) in font [lmmono8-regular]:!
Missing character: There is no ข (U+0E02) in font [lmmono8-regular]:!
Missing character: There is no อ (U+0E2D) in font [lmmono8-regular]:!
Missing character: There is no ง (U+0E07) in font [lmmono8-regular]:!
Missing character: There is no เ (U+0E40) in font [lmmono8-regular]:!
Missing character: There is no ซ (U+0E0B) in font [lmmono8-regular]:!
Missing character: There is no ส (U+0E2A) in font [lmmono8-regular]:!
Missing character: There is no ช (U+0E0A) in font [lmmono8-regular]:!
Missing character: There is no ั (U+0E31) in font [lmmono8-regular]:!
Missing character: There is no น (U+0E19) in font [lmmono8-regular]:!
[117]
Missing character: There is no ก (U+0E01) in font [lmmono8-regular]:!
Missing character: There is no า (U+0E32) in font [lmmono8-regular]:!
Missing character: There is no ร (U+0E23) in font [lmmono8-regular]:!
Missing character: There is no ต (U+0E15) in font [lmmono8-regular]:!
Missing character: There is no ร (U+0E23) in font [lmmono8-regular]:!
Missing character: There is no ว (U+0E27) in font [lmmono8-regular]:!
Missing character: There is no จ (U+0E08) in font [lmmono8-regular]:!
Missing character: There is no ส (U+0E2A) in font [lmmono8-regular]:!
Missing character: There is no อ (U+0E2D) in font [lmmono8-regular]:!
Missing character: There is no บ (U+0E1A) in font [lmmono8-regular]:!
Missing character: There is no ห (U+0E2B) in font [lmmono8-regular]:!
Missing character: There is no ้ (U+0E49) in font [lmmono8-regular]:!
Missing character: There is no า (U+0E32) in font [lmmono8-regular]:!
Missing character: There is no ม (U+0E21) in font [lmmono8-regular]:!
Missing character: There is no จ (U+0E08) in font [lmmono8-regular]:!
Missing character: There is no อ (U+0E2D) in font [lmmono8-regular]:!
Missing character: There is no ง (U+0E07) in font [lmmono8-regular]:!
Missing character: There is no ย (U+0E22) in font [lmmono8-regular]:!
Missing character: There is no ้ (U+0E49) in font [lmmono8-regular]:!
Missing character: There is no อ (U+0E2D) in font [lmmono8-regular]:!
Missing character: There is no น (U+0E19) in font [lmmono8-regular]:!
Missing character: There is no ห (U+0E2B) in font [lmmono8-regular]:!
Missing character: There is no ล (U+0E25) in font [lmmono8-regular]:!
Missing character: There is no ั (U+0E31) in font [lmmono8-regular]:!
Missing character: There is no ง (U+0E07) in font [lmmono8-regular]:!
Missing character: There is no ว (U+0E27) in font [lmmono8-regular]:!
Missing character: There is no ั (U+0E31) in font [lmmono8-regular]:!
Missing character: There is no น (U+0E19) in font [lmmono8-regular]:!
Missing character: There is no ท (U+0E17) in font [lmmono8-regular]:!
Missing character: There is no ี (U+0E35) in font [lmmono8-regular]:!
Missing character: There is no ่ (U+0E48) in font [lmmono8-regular]:!
Missing character: There is no แ (U+0E41) in font [lmmono8-regular]:!
Missing character: There is no ล (U+0E25) in font [lmmono8-regular]:!
Missing character: There is no ะ (U+0E30) in font [lmmono8-regular]:!
Missing character: There is no เ (U+0E40) in font [lmmono8-regular]:!
Missing character: There is no ว (U+0E27) in font [lmmono8-regular]:!
Missing character: There is no ล (U+0E25) in font [lmmono8-regular]:!
Missing character: There is no า (U+0E32) in font [lmmono8-regular]:!
Missing character: There is no ส (U+0E2A) in font [lmmono8-regular]:!
Missing character: There is no ิ (U+0E34) in font [lmmono8-regular]:!
Missing character: There is no ้ (U+0E49) in font [lmmono8-regular]:!
Missing character: There is no น (U+0E19) in font [lmmono8-regular]:!
Missing character: There is no ส (U+0E2A) in font [lmmono8-regular]:!
Missing character: There is no ุ (U+0E38) in font [lmmono8-regular]:!
Missing character: There is no ด (U+0E14) in font [lmmono8-regular]:!
Missing character: There is no ค (U+0E04) in font [lmmono8-regular]:!
Missing character: There is no ำ (U+0E33) in font [lmmono8-regular]:!
Missing character: There is no น (U+0E19) in font [lmmono8-regular]:!
Missing character: There is no ว (U+0E27) in font [lmmono8-regular]:!
Missing character: There is no ณ (U+0E13) in font [lmmono8-regular]:!
Missing character: There is no จ (U+0E08) in font [lmmono8-regular]:!
Missing character: There is no า (U+0E32) in font [lmmono8-regular]:!
Missing character: There is no ก (U+0E01) in font [lmmono8-regular]:!
Missing character: There is no ร (U+0E23) in font [lmmono8-regular]:!
Missing character: There is no ะ (U+0E30) in font [lmmono8-regular]:!
Missing character: There is no ย (U+0E22) in font [lmmono8-regular]:!
Missing character: There is no ะ (U+0E30) in font [lmmono8-regular]:!
Missing character: There is no เ (U+0E40) in font [lmmono8-regular]:!
Missing character: There is no ว (U+0E27) in font [lmmono8-regular]:!
Missing character: There is no ล (U+0E25) in font [lmmono8-regular]:!
Missing character: There is no า (U+0E32) in font [lmmono8-regular]:!
Missing character: There is no ก (U+0E01) in font [lmmono8-regular]:!
Missing character: There is no ำ (U+0E33) in font [lmmono8-regular]:!
Missing character: There is no ห (U+0E2B) in font [lmmono8-regular]:!
Missing character: There is no น (U+0E19) in font [lmmono8-regular]:!
Missing character: There is no ด (U+0E14) in font [lmmono8-regular]:!
Missing character: There is no อ (U+0E2D) in font [lmmono8-regular]:!
Missing character: There is no ย (U+0E22) in font [lmmono8-regular]:!
Missing character: There is no ่ (U+0E48) in font [lmmono8-regular]:!
Missing character: There is no า (U+0E32) in font [lmmono8-regular]:!
Missing character: There is no ง (U+0E07) in font [lmmono8-regular]:!
Missing character: There is no ช (U+0E0A) in font [lmmono8-regular]:!
Missing character: There is no ั (U+0E31) in font [lmmono8-regular]:!
Missing character: There is no ด (U+0E14) in font [lmmono8-regular]:!
Missing character: There is no เ (U+0E40) in font [lmmono8-regular]:!
Missing character: There is no จ (U+0E08) in font [lmmono8-regular]:!
Missing character: There is no น (U+0E19) in font [lmmono8-regular]:!
Missing character: There is no เ (U+0E40) in font [lmmono8-regular]:!
Missing character: There is no พ (U+0E1E) in font [lmmono8-regular]:!
Missing character: There is no ื (U+0E37) in font [lmmono8-regular]:!
Missing character: There is no ่ (U+0E48) in font [lmmono8-regular]:!
Missing character: There is no อ (U+0E2D) in font [lmmono8-regular]:!
Missing character: There is no ค (U+0E04) in font [lmmono8-regular]:!
Missing character: There is no ว (U+0E27) in font [lmmono8-regular]:!
Missing character: There is no า (U+0E32) in font [lmmono8-regular]:!
Missing character: There is no ม (U+0E21) in font [lmmono8-regular]:!
Missing character: There is no เ (U+0E40) in font [lmmono8-regular]:!
Missing character: There is no ข (U+0E02) in font [lmmono8-regular]:!
Missing character: There is no ้ (U+0E49) in font [lmmono8-regular]:!
Missing character: There is no า (U+0E32) in font [lmmono8-regular]:!
Missing character: There is no ใ (U+0E43) in font [lmmono8-regular]:!
Missing character: There is no จ (U+0E08) in font [lmmono8-regular]:!
Missing character: There is no ง (U+0E07) in font [lmmono8-regular]:!
Missing character: There is no ่ (U+0E48) in font [lmmono8-regular]:!
Missing character: There is no า (U+0E32) in font [lmmono8-regular]:!
Missing character: There is no ย (U+0E22) in font [lmmono8-regular]:!
Missing character: There is no เ (U+0E40) in font [lmmono8-regular]:!
Missing character: There is no ป (U+0E1B) in font [lmmono8-regular]:!
Missing character: There is no ็ (U+0E47) in font [lmmono8-regular]:!
Missing character: There is no น (U+0E19) in font [lmmono8-regular]:!
Missing character: There is no ค (U+0E04) in font [lmmono8-regular]:!
Missing character: There is no ่ (U+0E48) in font [lmmono8-regular]:!
Missing character: There is no า (U+0E32) in font [lmmono8-regular]:!
Missing character: There is no ว (U+0E27) in font [lmmono8-regular]:!
Missing character: There is no ่ (U+0E48) in font [lmmono8-regular]:!
Missing character: There is no า (U+0E32) in font [lmmono8-regular]:!
Missing character: There is no ง (U+0E07) in font [lmmono8-regular]:!
Missing character: There is no ไ (U+0E44) in font [lmmono8-regular]:!
Missing character: There is no ด (U+0E14) in font [lmmono8-regular]:!
Missing character: There is no ้ (U+0E49) in font [lmmono8-regular]:!
Missing character: There is no ห (U+0E2B) in font [lmmono8-regular]:!
Missing character: There is no า (U+0E32) in font [lmmono8-regular]:!
Missing character: There is no ก (U+0E01) in font [lmmono8-regular]:!
Missing character: There is no เ (U+0E40) in font [lmmono8-regular]:!
Missing character: There is no ป (U+0E1B) in font [lmmono8-regular]:!
Missing character: There is no ็ (U+0E47) in font [lmmono8-regular]:!
Missing character: There is no น (U+0E19) in font [lmmono8-regular]:!
Missing character: There is no ก (U+0E01) in font [lmmono8-regular]:!
Missing character: There is no า (U+0E32) in font [lmmono8-regular]:!
Missing character: There is no ร (U+0E23) in font [lmmono8-regular]:!
Missing character: There is no ใ (U+0E43) in font [lmmono8-regular]:!
Missing character: There is no ช (U+0E0A) in font [lmmono8-regular]:!
Missing character: There is no ้ (U+0E49) in font [lmmono8-regular]:!
Missing character: There is no อ (U+0E2D) in font [lmmono8-regular]:!
Missing character: There is no ุ (U+0E38) in font [lmmono8-regular]:!
Missing character: There is no ป (U+0E1B) in font [lmmono8-regular]:!
Missing character: There is no ก (U+0E01) in font [lmmono8-regular]:!
Missing character: There is no ร (U+0E23) in font [lmmono8-regular]:!
Missing character: There is no ณ (U+0E13) in font [lmmono8-regular]:!
Missing character: There is no ์ (U+0E4C) in font [lmmono8-regular]:!
Missing character: There is no เ (U+0E40) in font [lmmono8-regular]:!
Missing character: There is no ด (U+0E14) in font [lmmono8-regular]:!
Missing character: There is no ี (U+0E35) in font [lmmono8-regular]:!
Missing character: There is no ่ (U+0E48) in font [lmmono8-regular]:!
Missing character: There is no ย (U+0E22) in font [lmmono8-regular]:!
Missing character: There is no ว (U+0E27) in font [lmmono8-regular]:!
Missing character: There is no ๆ (U+0E46) in font [lmmono8-regular]:!
Missing character: There is no จ (U+0E08) in font [lmmono8-regular]:!
Missing character: There is no ั (U+0E31) in font [lmmono8-regular]:!
Missing character: There is no ด (U+0E14) in font [lmmono8-regular]:!
Missing character: There is no ก (U+0E01) in font [lmmono8-regular]:!
Missing character: There is no า (U+0E32) in font [lmmono8-regular]:!
Missing character: There is no ร (U+0E23) in font [lmmono8-regular]:!
Missing character: There is no แ (U+0E41) in font [lmmono8-regular]:!
Missing character: There is no ล (U+0E25) in font [lmmono8-regular]:!
Missing character: There is no ะ (U+0E30) in font [lmmono8-regular]:!
Missing character: There is no อ (U+0E2D) in font [lmmono8-regular]:!
Missing character: There is no ั (U+0E31) in font [lmmono8-regular]:!
Missing character: There is no ต (U+0E15) in font [lmmono8-regular]:!
Missing character: There is no โ (U+0E42) in font [lmmono8-regular]:!
Missing character: There is no น (U+0E19) in font [lmmono8-regular]:!
Missing character: There is no ม (U+0E21) in font [lmmono8-regular]:!
Missing character: There is no ั (U+0E31) in font [lmmono8-regular]:!
Missing character: There is no ต (U+0E15) in font [lmmono8-regular]:!
Missing character: There is no ิ (U+0E34) in font [lmmono8-regular]:!
Missing character: There is no ป (U+0E1B) in font [lmmono8-regular]:!
Missing character: There is no ้ (U+0E49) in font [lmmono8-regular]:!
Missing character: There is no อ (U+0E2D) in font [lmmono8-regular]:!
Missing character: There is no ง (U+0E07) in font [lmmono8-regular]:!
Missing character: There is no ก (U+0E01) in font [lmmono8-regular]:!
Missing character: There is no ั (U+0E31) in font [lmmono8-regular]:!
Missing character: There is no น (U+0E19) in font [lmmono8-regular]:!
Missing character: There is no ก (U+0E01) in font [lmmono8-regular]:!
Missing character: There is no า (U+0E32) in font [lmmono8-regular]:!
Missing character: There is no ร (U+0E23) in font [lmmono8-regular]:!
Missing character: There is no เ (U+0E40) in font [lmmono8-regular]:!
Missing character: There is no ป (U+0E1B) in font [lmmono8-regular]:!
Missing character: There is no ล (U+0E25) in font [lmmono8-regular]:!
Missing character: There is no ี (U+0E35) in font [lmmono8-regular]:!
Missing character: There is no ่ (U+0E48) in font [lmmono8-regular]:!
Missing character: There is no ย (U+0E22) in font [lmmono8-regular]:!
Missing character: There is no น (U+0E19) in font [lmmono8-regular]:!
Missing character: There is no ช (U+0E0A) in font [lmmono8-regular]:!
Missing character: There is no ื (U+0E37) in font [lmmono8-regular]:!
Missing character: There is no ่ (U+0E48) in font [lmmono8-regular]:!
Missing character: There is no อ (U+0E2D) in font [lmmono8-regular]:!
Missing character: There is no ต (U+0E15) in font [lmmono8-regular]:!
Missing character: There is no า (U+0E32) in font [lmmono8-regular]:!
Missing character: There is no ร (U+0E23) in font [lmmono8-regular]:!
Missing character: There is no า (U+0E32) in font [lmmono8-regular]:!
Missing character: There is no ง (U+0E07) in font [lmmono8-regular]:!
Missing character: There is no เ (U+0E40) in font [lmmono8-regular]:!
Missing character: There is no ป (U+0E1B) in font [lmmono8-regular]:!
Missing character: There is no ็ (U+0E47) in font [lmmono8-regular]:!
Missing character: There is no น (U+0E19) in font [lmmono8-regular]:!
Missing character: There is no พ (U+0E1E) in font [lmmono8-regular]:!
Missing character: There is no ห (U+0E2B) in font [lmmono8-regular]:!
Missing character: There is no ู (U+0E39) in font [lmmono8-regular]:!
Missing character: There is no พ (U+0E1E) in font [lmmono8-regular]:!
Missing character: There is no จ (U+0E08) in font [lmmono8-regular]:!
Missing character: There is no น (U+0E19) in font [lmmono8-regular]:!
Missing character: There is no ์ (U+0E4C) in font [lmmono8-regular]:!
Missing character: There is no ค (U+0E04) in font [lmmono8-regular]:!
Missing character: There is no ว (U+0E27) in font [lmmono8-regular]:!
Missing character: There is no า (U+0E32) in font [lmmono8-regular]:!
Missing character: There is no ม (U+0E21) in font [lmmono8-regular]:!
Missing character: There is no ส (U+0E2A) in font [lmmono8-regular]:!
Missing character: There is no ั (U+0E31) in font [lmmono8-regular]:!
Missing character: There is no ม (U+0E21) in font [lmmono8-regular]:!
Missing character: There is no พ (U+0E1E) in font [lmmono8-regular]:!
Missing character: There is no ั (U+0E31) in font [lmmono8-regular]:!
Missing character: There is no น (U+0E19) in font [lmmono8-regular]:!
Missing character: There is no ธ (U+0E18) in font [lmmono8-regular]:!
Missing character: There is no ์ (U+0E4C) in font [lmmono8-regular]:!
Missing character: There is no ข (U+0E02) in font [lmmono8-regular]:!
Missing character: There is no อ (U+0E2D) in font [lmmono8-regular]:!
Missing character: There is no ง (U+0E07) in font [lmmono8-regular]:!
Missing character: There is no โ (U+0E42) in font [lmmono8-regular]:!
Missing character: There is no ม (U+0E21) in font [lmmono8-regular]:!
Missing character: There is no เ (U+0E40) in font [lmmono8-regular]:!
Missing character: There is no ด (U+0E14) in font [lmmono8-regular]:!
Missing character: There is no ล (U+0E25) in font [lmmono8-regular]:!
Missing character: There is no ส (U+0E2A) in font [lmmono8-regular]:!
Missing character: There is no ่ (U+0E48) in font [lmmono8-regular]:!
Missing character: There is no ว (U+0E27) in font [lmmono8-regular]:!
Missing character: There is no น (U+0E19) in font [lmmono8-regular]:!
Missing character: There is no น (U+0E19) in font [lmmono8-regular]:!
Missing character: There is no ี (U+0E35) in font [lmmono8-regular]:!
Missing character: There is no ้ (U+0E49) in font [lmmono8-regular]:!
Missing character: There is no ก (U+0E01) in font [lmmono8-regular]:!
Missing character: There is no ำ (U+0E33) in font [lmmono8-regular]:!
Missing character: There is no ห (U+0E2B) in font [lmmono8-regular]:!
Missing character: There is no น (U+0E19) in font [lmmono8-regular]:!
Missing character: There is no ด (U+0E14) in font [lmmono8-regular]:!
Missing character: There is no ค (U+0E04) in font [lmmono8-regular]:!
Missing character: There is no ว (U+0E27) in font [lmmono8-regular]:!
Missing character: There is no า (U+0E32) in font [lmmono8-regular]:!
Missing character: There is no ม (U+0E21) in font [lmmono8-regular]:!
Missing character: There is no ส (U+0E2A) in font [lmmono8-regular]:!
Missing character: There is no ั (U+0E31) in font [lmmono8-regular]:!
Missing character: There is no ม (U+0E21) in font [lmmono8-regular]:!
Missing character: There is no พ (U+0E1E) in font [lmmono8-regular]:!
Missing character: There is no ั (U+0E31) in font [lmmono8-regular]:!
Missing character: There is no น (U+0E19) in font [lmmono8-regular]:!
Missing character: There is no ธ (U+0E18) in font [lmmono8-regular]:!
Missing character: There is no ์ (U+0E4C) in font [lmmono8-regular]:!
Missing character: There is no ส (U+0E2A) in font [lmmono8-regular]:!
Missing character: There is no ำ (U+0E33) in font [lmmono8-regular]:!
Missing character: There is no ห (U+0E2B) in font [lmmono8-regular]:!
Missing character: There is no ร (U+0E23) in font [lmmono8-regular]:!
Missing character: There is no ั (U+0E31) in font [lmmono8-regular]:!
Missing character: There is no บ (U+0E1A) in font [lmmono8-regular]:!
Missing character: There is no ก (U+0E01) in font [lmmono8-regular]:!
Missing character: There is no า (U+0E32) in font [lmmono8-regular]:!
Missing character: There is no ร (U+0E23) in font [lmmono8-regular]:!
Missing character: There is no ท (U+0E17) in font [lmmono8-regular]:!
Missing character: There is no ำ (U+0E33) in font [lmmono8-regular]:!
Missing character: There is no เ (U+0E40) in font [lmmono8-regular]:!
Missing character: There is no ซ (U+0E0B) in font [lmmono8-regular]:!
Missing character: There is no ส (U+0E2A) in font [lmmono8-regular]:!
Missing character: There is no ช (U+0E0A) in font [lmmono8-regular]:!
Missing character: There is no ั (U+0E31) in font [lmmono8-regular]:!
Missing character: There is no น (U+0E19) in font [lmmono8-regular]:!
Missing character: There is no เ (U+0E40) in font [lmmono8-regular]:!
Missing character: There is no ป (U+0E1B) in font [lmmono8-regular]:!
Missing character: There is no ็ (U+0E47) in font [lmmono8-regular]:!
Missing character: There is no น (U+0E19) in font [lmmono8-regular]:!
Missing character: There is no ข (U+0E02) in font [lmmono8-regular]:!
Missing character: There is no อ (U+0E2D) in font [lmmono8-regular]:!
Missing character: There is no ง (U+0E07) in font [lmmono8-regular]:!
Missing character: There is no ล (U+0E25) in font [lmmono8-regular]:!
Missing character: There is no ู (U+0E39) in font [lmmono8-regular]:!
Missing character: There is no ก (U+0E01) in font [lmmono8-regular]:!
Missing character: There is no ค (U+0E04) in font [lmmono8-regular]:!
Missing character: There is no ้ (U+0E49) in font [lmmono8-regular]:!
Missing character: There is no า (U+0E32) in font [lmmono8-regular]:!
Missing character: There is no ห (U+0E2B) in font [lmmono8-regular]:!
Missing character: There is no น (U+0E19) in font [lmmono8-regular]:!
Missing character: There is no ึ (U+0E36) in font [lmmono8-regular]:!
Missing character: There is no ่ (U+0E48) in font [lmmono8-regular]:!
Missing character: There is no ง (U+0E07) in font [lmmono8-regular]:!
Missing character: There is no ค (U+0E04) in font [lmmono8-regular]:!
Missing character: There is no น (U+0E19) in font [lmmono8-regular]:!
Missing character: There is no เ (U+0E40) in font [lmmono8-regular]:!
Missing character: There is no ซ (U+0E0B) in font [lmmono8-regular]:!
Missing character: There is no ส (U+0E2A) in font [lmmono8-regular]:!
Missing character: There is no ช (U+0E0A) in font [lmmono8-regular]:!
Missing character: There is no ั (U+0E31) in font [lmmono8-regular]:!
Missing character: There is no น (U+0E19) in font [lmmono8-regular]:!
Missing character: There is no ม (U+0E21) in font [lmmono8-regular]:!
Missing character: There is no ี (U+0E35) in font [lmmono8-regular]:!
Missing character: There is no เ (U+0E40) in font [lmmono8-regular]:!
Missing character: There is no ท (U+0E17) in font [lmmono8-regular]:!
Missing character: There is no ร (U+0E23) in font [lmmono8-regular]:!
Missing character: There is no น (U+0E19) in font [lmmono8-regular]:!
Missing character: There is no เ (U+0E40) in font [lmmono8-regular]:!
Missing character: There is no น (U+0E19) in font [lmmono8-regular]:!
Missing character: There is no อ (U+0E2D) in font [lmmono8-regular]:!
Missing character: There is no ร (U+0E23) in font [lmmono8-regular]:!
Missing character: There is no ์ (U+0E4C) in font [lmmono8-regular]:!
Missing character: There is no ห (U+0E2B) in font [lmmono8-regular]:!
Missing character: There is no น (U+0E19) in font [lmmono8-regular]:!
Missing character: There is no ึ (U+0E36) in font [lmmono8-regular]:!
Missing character: There is no ่ (U+0E48) in font [lmmono8-regular]:!
Missing character: There is no ง (U+0E07) in font [lmmono8-regular]:!
Missing character: There is no ค (U+0E04) in font [lmmono8-regular]:!
Missing character: There is no น (U+0E19) in font [lmmono8-regular]:!
Missing character: There is no เ (U+0E40) in font [lmmono8-regular]:!
Missing character: There is no ซ (U+0E0B) in font [lmmono8-regular]:!
Missing character: There is no ส (U+0E2A) in font [lmmono8-regular]:!
Missing character: There is no ช (U+0E0A) in font [lmmono8-regular]:!
Missing character: There is no ั (U+0E31) in font [lmmono8-regular]:!
Missing character: There is no น (U+0E19) in font [lmmono8-regular]:!
Missing character: There is no ใ (U+0E43) in font [lmmono8-regular]:!
Missing character: There is no ช (U+0E0A) in font [lmmono8-regular]:!
Missing character: There is no ้ (U+0E49) in font [lmmono8-regular]:!
Missing character: There is no อ (U+0E2D) in font [lmmono8-regular]:!
Missing character: There is no ุ (U+0E38) in font [lmmono8-regular]:!
Missing character: There is no ป (U+0E1B) in font [lmmono8-regular]:!
Missing character: There is no ก (U+0E01) in font [lmmono8-regular]:!
Missing character: There is no ร (U+0E23) in font [lmmono8-regular]:!
Missing character: There is no ณ (U+0E13) in font [lmmono8-regular]:!
Missing character: There is no ์ (U+0E4C) in font [lmmono8-regular]:!
Missing character: There is no ห (U+0E2B) in font [lmmono8-regular]:!
Missing character: There is no น (U+0E19) in font [lmmono8-regular]:!
Missing character: There is no ึ (U+0E36) in font [lmmono8-regular]:!
Missing character: There is no ่ (U+0E48) in font [lmmono8-regular]:!
Missing character: There is no ง (U+0E07) in font [lmmono8-regular]:!
Missing character: There is no ช (U+0E0A) in font [lmmono8-regular]:!
Missing character: There is no ิ (U+0E34) in font [lmmono8-regular]:!
Missing character: There is no ้ (U+0E49) in font [lmmono8-regular]:!
Missing character: There is no น (U+0E19) in font [lmmono8-regular]:!
[118]
Missing character: There is no จ (U+0E08) in font [lmmono8-regular]:!
Missing character: There is no ั (U+0E31) in font [lmmono8-regular]:!
Missing character: There is no ด (U+0E14) in font [lmmono8-regular]:!
Missing character: There is no ก (U+0E01) in font [lmmono8-regular]:!
Missing character: There is no า (U+0E32) in font [lmmono8-regular]:!
Missing character: There is no ร (U+0E23) in font [lmmono8-regular]:!
Missing character: There is no ก (U+0E01) in font [lmmono8-regular]:!
Missing character: There is no า (U+0E32) in font [lmmono8-regular]:!
Missing character: There is no ร (U+0E23) in font [lmmono8-regular]:!
Missing character: There is no ส (U+0E2A) in font [lmmono8-regular]:!
Missing character: There is no ร (U+0E23) in font [lmmono8-regular]:!
Missing character: There is no ้ (U+0E49) in font [lmmono8-regular]:!
Missing character: There is no า (U+0E32) in font [lmmono8-regular]:!
Missing character: There is no ง (U+0E07) in font [lmmono8-regular]:!
Missing character: There is no เ (U+0E40) in font [lmmono8-regular]:!
Missing character: There is no ซ (U+0E0B) in font [lmmono8-regular]:!
Missing character: There is no ส (U+0E2A) in font [lmmono8-regular]:!
Missing character: There is no ช (U+0E0A) in font [lmmono8-regular]:!
Missing character: There is no ั (U+0E31) in font [lmmono8-regular]:!
Missing character: There is no น (U+0E19) in font [lmmono8-regular]:!
Missing character: There is no ก (U+0E01) in font [lmmono8-regular]:!
Missing character: There is no า (U+0E32) in font [lmmono8-regular]:!
Missing character: There is no ร (U+0E23) in font [lmmono8-regular]:!
Missing character: There is no ฝ (U+0E1D) in font [lmmono8-regular]:!
Missing character: There is no ึ (U+0E36) in font [lmmono8-regular]:!
Missing character: There is no ก (U+0E01) in font [lmmono8-regular]:!
Missing character: There is no ซ (U+0E0B) in font [lmmono8-regular]:!
Missing character: There is no ้ (U+0E49) in font [lmmono8-regular]:!
Missing character: There is no อ (U+0E2D) in font [lmmono8-regular]:!
Missing character: There is no ม (U+0E21) in font [lmmono8-regular]:!
Missing character: There is no ใ (U+0E43) in font [lmmono8-regular]:!
Missing character: There is no ห (U+0E2B) in font [lmmono8-regular]:!
Missing character: There is no ม (U+0E21) in font [lmmono8-regular]:!
Missing character: There is no ่ (U+0E48) in font [lmmono8-regular]:!
Missing character: There is no ท (U+0E17) in font [lmmono8-regular]:!
Missing character: There is no ำ (U+0E33) in font [lmmono8-regular]:!
Missing character: There is no ก (U+0E01) in font [lmmono8-regular]:!
Missing character: There is no า (U+0E32) in font [lmmono8-regular]:!
Missing character: There is no ร (U+0E23) in font [lmmono8-regular]:!
Missing character: There is no ต (U+0E15) in font [lmmono8-regular]:!
Missing character: There is no ร (U+0E23) in font [lmmono8-regular]:!
Missing character: There is no ว (U+0E27) in font [lmmono8-regular]:!
Missing character: There is no จ (U+0E08) in font [lmmono8-regular]:!
Missing character: There is no ส (U+0E2A) in font [lmmono8-regular]:!
Missing character: There is no อ (U+0E2D) in font [lmmono8-regular]:!
Missing character: There is no บ (U+0E1A) in font [lmmono8-regular]:!
Missing character: There is no อ (U+0E2D) in font [lmmono8-regular]:!
Missing character: There is no ย (U+0E22) in font [lmmono8-regular]:!
Missing character: There is no ่ (U+0E48) in font [lmmono8-regular]:!
Missing character: There is no า (U+0E32) in font [lmmono8-regular]:!
Missing character: There is no ง (U+0E07) in font [lmmono8-regular]:!
Missing character: There is no เ (U+0E40) in font [lmmono8-regular]:!
Missing character: There is no ข (U+0E02) in font [lmmono8-regular]:!
Missing character: There is no ้ (U+0E49) in font [lmmono8-regular]:!
Missing character: There is no ม (U+0E21) in font [lmmono8-regular]:!
Missing character: There is no ง (U+0E07) in font [lmmono8-regular]:!
Missing character: There is no ว (U+0E27) in font [lmmono8-regular]:!
Missing character: There is no ด (U+0E14) in font [lmmono8-regular]:!
Missing character: There is no เ (U+0E40) in font [lmmono8-regular]:!
Missing character: There is no พ (U+0E1E) in font [lmmono8-regular]:!
Missing character: There is no ื (U+0E37) in font [lmmono8-regular]:!
Missing character: There is no ่ (U+0E48) in font [lmmono8-regular]:!
Missing character: There is no อ (U+0E2D) in font [lmmono8-regular]:!
Missing character: There is no ใ (U+0E43) in font [lmmono8-regular]:!
Missing character: There is no ห (U+0E2B) in font [lmmono8-regular]:!
Missing character: There is no ้ (U+0E49) in font [lmmono8-regular]:!
Missing character: There is no แ (U+0E41) in font [lmmono8-regular]:!
Missing character: There is no น (U+0E19) in font [lmmono8-regular]:!
Missing character: There is no ่ (U+0E48) in font [lmmono8-regular]:!
Missing character: There is no ใ (U+0E43) in font [lmmono8-regular]:!
Missing character: There is no จ (U+0E08) in font [lmmono8-regular]:!
Missing character: There is no ว (U+0E27) in font [lmmono8-regular]:!
Missing character: There is no ่ (U+0E48) in font [lmmono8-regular]:!
Missing character: There is no า (U+0E32) in font [lmmono8-regular]:!
Missing character: There is no ท (U+0E17) in font [lmmono8-regular]:!
Missing character: There is no ร (U+0E23) in font [lmmono8-regular]:!
Missing character: There is no ั (U+0E31) in font [lmmono8-regular]:!
Missing character: There is no พ (U+0E1E) in font [lmmono8-regular]:!
Missing character: There is no ย (U+0E22) in font [lmmono8-regular]:!
Missing character: There is no า (U+0E32) in font [lmmono8-regular]:!
Missing character: There is no ก (U+0E01) in font [lmmono8-regular]:!
Missing character: There is no ร (U+0E23) in font [lmmono8-regular]:!
Missing character: There is no ว (U+0E27) in font [lmmono8-regular]:!
Missing character: There is no ่ (U+0E48) in font [lmmono8-regular]:!
Missing character: There is no า (U+0E32) in font [lmmono8-regular]:!
Missing character: There is no ง (U+0E07) in font [lmmono8-regular]:!
Missing character: There is no เ (U+0E40) in font [lmmono8-regular]:!
Missing character: There is no ร (U+0E23) in font [lmmono8-regular]:!
Missing character: There is no ิ (U+0E34) in font [lmmono8-regular]:!
Missing character: There is no ่ (U+0E48) in font [lmmono8-regular]:!
Missing character: There is no ม (U+0E21) in font [lmmono8-regular]:!
Missing character: There is no ต (U+0E15) in font [lmmono8-regular]:!
Missing character: There is no ้ (U+0E49) in font [lmmono8-regular]:!
Missing character: There is no น (U+0E19) in font [lmmono8-regular]:!
Missing character: There is no เ (U+0E40) in font [lmmono8-regular]:!
Missing character: There is no พ (U+0E1E) in font [lmmono8-regular]:!
Missing character: There is no ื (U+0E37) in font [lmmono8-regular]:!
Missing character: There is no ่ (U+0E48) in font [lmmono8-regular]:!
Missing character: There is no อ (U+0E2D) in font [lmmono8-regular]:!
Missing character: There is no ค (U+0E04) in font [lmmono8-regular]:!
Missing character: There is no ว (U+0E27) in font [lmmono8-regular]:!
Missing character: There is no า (U+0E32) in font [lmmono8-regular]:!
Missing character: There is no ม (U+0E21) in font [lmmono8-regular]:!
Missing character: There is no ถ (U+0E16) in font [lmmono8-regular]:!
Missing character: There is no ู (U+0E39) in font [lmmono8-regular]:!
Missing character: There is no ก (U+0E01) in font [lmmono8-regular]:!
Missing character: There is no ต (U+0E15) in font [lmmono8-regular]:!
Missing character: There is no ้ (U+0E49) in font [lmmono8-regular]:!
Missing character: There is no อ (U+0E2D) in font [lmmono8-regular]:!
Missing character: There is no ง (U+0E07) in font [lmmono8-regular]:!
Missing character: There is no ข (U+0E02) in font [lmmono8-regular]:!
Missing character: There is no อ (U+0E2D) in font [lmmono8-regular]:!
Missing character: There is no ง (U+0E07) in font [lmmono8-regular]:!
Missing character: There is no ข (U+0E02) in font [lmmono8-regular]:!
Missing character: There is no ้ (U+0E49) in font [lmmono8-regular]:!
Missing character: There is no อ (U+0E2D) in font [lmmono8-regular]:!
Missing character: There is no ม (U+0E21) in font [lmmono8-regular]:!
Missing character: There is no ู (U+0E39) in font [lmmono8-regular]:!
Missing character: There is no ล (U+0E25) in font [lmmono8-regular]:!
Missing character: There is no ค (U+0E04) in font [lmmono8-regular]:!
Missing character: There is no ำ (U+0E33) in font [lmmono8-regular]:!
Missing character: There is no น (U+0E19) in font [lmmono8-regular]:!
Missing character: There is no ว (U+0E27) in font [lmmono8-regular]:!
Missing character: There is no ณ (U+0E13) in font [lmmono8-regular]:!
Missing character: There is no เ (U+0E40) in font [lmmono8-regular]:!
Missing character: There is no ว (U+0E27) in font [lmmono8-regular]:!
Missing character: There is no ล (U+0E25) in font [lmmono8-regular]:!
Missing character: There is no า (U+0E32) in font [lmmono8-regular]:!
Missing character: There is no เ (U+0E40) in font [lmmono8-regular]:!
Missing character: There is no ร (U+0E23) in font [lmmono8-regular]:!
Missing character: There is no ิ (U+0E34) in font [lmmono8-regular]:!
Missing character: There is no ่ (U+0E48) in font [lmmono8-regular]:!
Missing character: There is no ม (U+0E21) in font [lmmono8-regular]:!
Missing character: There is no ต (U+0E15) in font [lmmono8-regular]:!
Missing character: There is no ้ (U+0E49) in font [lmmono8-regular]:!
Missing character: There is no น (U+0E19) in font [lmmono8-regular]:!
Missing character: There is no แ (U+0E41) in font [lmmono8-regular]:!
Missing character: There is no ล (U+0E25) in font [lmmono8-regular]:!
Missing character: There is no ะ (U+0E30) in font [lmmono8-regular]:!
Missing character: There is no เ (U+0E40) in font [lmmono8-regular]:!
Missing character: There is no ว (U+0E27) in font [lmmono8-regular]:!
Missing character: There is no ล (U+0E25) in font [lmmono8-regular]:!
Missing character: There is no า (U+0E32) in font [lmmono8-regular]:!
Missing character: There is no ส (U+0E2A) in font [lmmono8-regular]:!
Missing character: There is no ิ (U+0E34) in font [lmmono8-regular]:!
Missing character: There is no ้ (U+0E49) in font [lmmono8-regular]:!
Missing character: There is no น (U+0E19) in font [lmmono8-regular]:!
Missing character: There is no ส (U+0E2A) in font [lmmono8-regular]:!
Missing character: There is no ุ (U+0E38) in font [lmmono8-regular]:!
Missing character: There is no ด (U+0E14) in font [lmmono8-regular]:!
Missing character: There is no เ (U+0E40) in font [lmmono8-regular]:!
Missing character: There is no ป (U+0E1B) in font [lmmono8-regular]:!
Missing character: There is no ็ (U+0E47) in font [lmmono8-regular]:!
Missing character: There is no น (U+0E19) in font [lmmono8-regular]:!
Missing character: There is no น (U+0E19) in font [lmmono8-regular]:!
Missing character: There is no า (U+0E32) in font [lmmono8-regular]:!
Missing character: There is no ท (U+0E17) in font [lmmono8-regular]:!
Missing character: There is no ี (U+0E35) in font [lmmono8-regular]:!
Missing character: There is no ต (U+0E15) in font [lmmono8-regular]:!
Missing character: There is no ร (U+0E23) in font [lmmono8-regular]:!
Missing character: There is no ร (U+0E23) in font [lmmono8-regular]:!
Missing character: There is no ก (U+0E01) in font [lmmono8-regular]:!
Missing character: There is no ะ (U+0E30) in font [lmmono8-regular]:!
Missing character: There is no ก (U+0E01) in font [lmmono8-regular]:!
Missing character: There is no า (U+0E32) in font [lmmono8-regular]:!
Missing character: There is no ร (U+0E23) in font [lmmono8-regular]:!
Missing character: There is no ต (U+0E15) in font [lmmono8-regular]:!
Missing character: There is no ร (U+0E23) in font [lmmono8-regular]:!
Missing character: There is no ว (U+0E27) in font [lmmono8-regular]:!
Missing character: There is no จ (U+0E08) in font [lmmono8-regular]:!
Missing character: There is no ส (U+0E2A) in font [lmmono8-regular]:!
Missing character: There is no อ (U+0E2D) in font [lmmono8-regular]:!
Missing character: There is no บ (U+0E1A) in font [lmmono8-regular]:!
Missing character: There is no ค (U+0E04) in font [lmmono8-regular]:!
Missing character: There is no ว (U+0E27) in font [lmmono8-regular]:!
Missing character: There is no า (U+0E32) in font [lmmono8-regular]:!
Missing character: There is no ม (U+0E21) in font [lmmono8-regular]:!
Missing character: There is no ข (U+0E02) in font [lmmono8-regular]:!
Missing character: There is no ั (U+0E31) in font [lmmono8-regular]:!
Missing character: There is no ด (U+0E14) in font [lmmono8-regular]:!
Missing character: There is no แ (U+0E41) in font [lmmono8-regular]:!
Missing character: There is no ย (U+0E22) in font [lmmono8-regular]:!
Missing character: There is no ้ (U+0E49) in font [lmmono8-regular]:!
Missing character: There is no ง (U+0E07) in font [lmmono8-regular]:!
Missing character: There is no เ (U+0E40) in font [lmmono8-regular]:!
Missing character: There is no ร (U+0E23) in font [lmmono8-regular]:!
Missing character: There is no า (U+0E32) in font [lmmono8-regular]:!
Missing character: There is no ต (U+0E15) in font [lmmono8-regular]:!
Missing character: There is no ้ (U+0E49) in font [lmmono8-regular]:!
Missing character: There is no อ (U+0E2D) in font [lmmono8-regular]:!
Missing character: There is no ง (U+0E07) in font [lmmono8-regular]:!
Missing character: There is no ห (U+0E2B) in font [lmmono8-regular]:!
Missing character: There is no า (U+0E32) in font [lmmono8-regular]:!
Missing character: There is no เ (U+0E40) in font [lmmono8-regular]:!
Missing character: There is no ซ (U+0E0B) in font [lmmono8-regular]:!
Missing character: There is no ส (U+0E2A) in font [lmmono8-regular]:!
Missing character: There is no ช (U+0E0A) in font [lmmono8-regular]:!
Missing character: There is no ั (U+0E31) in font [lmmono8-regular]:!
Missing character: There is no น (U+0E19) in font [lmmono8-regular]:!
Missing character: There is no ท (U+0E17) in font [lmmono8-regular]:!
Missing character: There is no ี (U+0E35) in font [lmmono8-regular]:!
Missing character: There is no ่ (U+0E48) in font [lmmono8-regular]:!
Missing character: There is no ม (U+0E21) in font [lmmono8-regular]:!
Missing character: There is no ี (U+0E35) in font [lmmono8-regular]:!
Missing character: There is no อ (U+0E2D) in font [lmmono8-regular]:!
Missing character: There is no ย (U+0E22) in font [lmmono8-regular]:!
Missing character: There is no ู (U+0E39) in font [lmmono8-regular]:!
Missing character: There is no ่ (U+0E48) in font [lmmono8-regular]:!
Missing character: There is no แ (U+0E41) in font [lmmono8-regular]:!
Missing character: There is no ล (U+0E25) in font [lmmono8-regular]:!
Missing character: There is no ้ (U+0E49) in font [lmmono8-regular]:!
Missing character: There is no ว (U+0E27) in font [lmmono8-regular]:!
Missing character: There is no ซ (U+0E0B) in font [lmmono8-regular]:!
Missing character: There is no ึ (U+0E36) in font [lmmono8-regular]:!
Missing character: There is no ่ (U+0E48) in font [lmmono8-regular]:!
Missing character: There is no ง (U+0E07) in font [lmmono8-regular]:!
Missing character: There is no ท (U+0E17) in font [lmmono8-regular]:!
Missing character: There is no ั (U+0E31) in font [lmmono8-regular]:!
Missing character: There is no บ (U+0E1A) in font [lmmono8-regular]:!
Missing character: There is no ซ (U+0E0B) in font [lmmono8-regular]:!
Missing character: There is no ้ (U+0E49) in font [lmmono8-regular]:!
Missing character: There is no อ (U+0E2D) in font [lmmono8-regular]:!
Missing character: There is no น (U+0E19) in font [lmmono8-regular]:!
Missing character: There is no ก (U+0E01) in font [lmmono8-regular]:!
Missing character: There is no ั (U+0E31) in font [lmmono8-regular]:!
Missing character: There is no บ (U+0E1A) in font [lmmono8-regular]:!
Missing character: There is no เ (U+0E40) in font [lmmono8-regular]:!
Missing character: There is no ว (U+0E27) in font [lmmono8-regular]:!
Missing character: There is no ล (U+0E25) in font [lmmono8-regular]:!
Missing character: There is no า (U+0E32) in font [lmmono8-regular]:!
Missing character: There is no ท (U+0E17) in font [lmmono8-regular]:!
Missing character: There is no ี (U+0E35) in font [lmmono8-regular]:!
Missing character: There is no ่ (U+0E48) in font [lmmono8-regular]:!
Missing character: There is no ข (U+0E02) in font [lmmono8-regular]:!
Missing character: There is no อ (U+0E2D) in font [lmmono8-regular]:!
Missing character: There is no ม (U+0E21) in font [lmmono8-regular]:!
Missing character: There is no า (U+0E32) in font [lmmono8-regular]:!
Missing character: There is no เ (U+0E40) in font [lmmono8-regular]:!
Missing character: There is no ง (U+0E07) in font [lmmono8-regular]:!
Missing character: There is no ื (U+0E37) in font [lmmono8-regular]:!
Missing character: There is no ่ (U+0E48) in font [lmmono8-regular]:!
Missing character: There is no อ (U+0E2D) in font [lmmono8-regular]:!
Missing character: There is no น (U+0E19) in font [lmmono8-regular]:!
Missing character: There is no ไ (U+0E44) in font [lmmono8-regular]:!
Missing character: There is no ข (U+0E02) in font [lmmono8-regular]:!
Missing character: There is no ก (U+0E01) in font [lmmono8-regular]:!
Missing character: There is no า (U+0E32) in font [lmmono8-regular]:!
Missing character: There is no ร (U+0E23) in font [lmmono8-regular]:!
Missing character: There is no ท (U+0E17) in font [lmmono8-regular]:!
Missing character: There is no ั (U+0E31) in font [lmmono8-regular]:!
Missing character: There is no บ (U+0E1A) in font [lmmono8-regular]:!
Missing character: There is no ซ (U+0E0B) in font [lmmono8-regular]:!
Missing character: There is no ้ (U+0E49) in font [lmmono8-regular]:!
Missing character: There is no อ (U+0E2D) in font [lmmono8-regular]:!
Missing character: There is no น (U+0E19) in font [lmmono8-regular]:!
Missing character: There is no ต (U+0E15) in font [lmmono8-regular]:!
Missing character: There is no ร (U+0E23) in font [lmmono8-regular]:!
Missing character: There is no ว (U+0E27) in font [lmmono8-regular]:!
Missing character: There is no จ (U+0E08) in font [lmmono8-regular]:!
Missing character: There is no ส (U+0E2A) in font [lmmono8-regular]:!
Missing character: There is no อ (U+0E2D) in font [lmmono8-regular]:!
Missing character: There is no บ (U+0E1A) in font [lmmono8-regular]:!
Missing character: There is no ค (U+0E04) in font [lmmono8-regular]:!
Missing character: There is no ิ (U+0E34) in font [lmmono8-regular]:!
Missing character: There is no ว (U+0E27) in font [lmmono8-regular]:!
Missing character: There is no เ (U+0E40) in font [lmmono8-regular]:!
Missing character: There is no ท (U+0E17) in font [lmmono8-regular]:!
Missing character: There is no ร (U+0E23) in font [lmmono8-regular]:!
Missing character: There is no น (U+0E19) in font [lmmono8-regular]:!
Missing character: There is no เ (U+0E40) in font [lmmono8-regular]:!
Missing character: There is no น (U+0E19) in font [lmmono8-regular]:!
Missing character: There is no อ (U+0E2D) in font [lmmono8-regular]:!
Missing character: There is no ร (U+0E23) in font [lmmono8-regular]:!
Missing character: There is no ์ (U+0E4C) in font [lmmono8-regular]:!
Missing character: There is no ต (U+0E15) in font [lmmono8-regular]:!
Missing character: There is no ร (U+0E23) in font [lmmono8-regular]:!
Missing character: There is no ว (U+0E27) in font [lmmono8-regular]:!
Missing character: There is no จ (U+0E08) in font [lmmono8-regular]:!
Missing character: There is no ส (U+0E2A) in font [lmmono8-regular]:!
Missing character: There is no อ (U+0E2D) in font [lmmono8-regular]:!
Missing character: There is no บ (U+0E1A) in font [lmmono8-regular]:!
Missing character: There is no ค (U+0E04) in font [lmmono8-regular]:!
Missing character: There is no ิ (U+0E34) in font [lmmono8-regular]:!
Missing character: There is no ว (U+0E27) in font [lmmono8-regular]:!
Missing character: There is no อ (U+0E2D) in font [lmmono8-regular]:!
Missing character: There is no ุ (U+0E38) in font [lmmono8-regular]:!
Missing character: There is no ป (U+0E1B) in font [lmmono8-regular]:!
Missing character: There is no ก (U+0E01) in font [lmmono8-regular]:!
Missing character: There is no ร (U+0E23) in font [lmmono8-regular]:!
Missing character: There is no ณ (U+0E13) in font [lmmono8-regular]:!
Missing character: There is no ์ (U+0E4C) in font [lmmono8-regular]:!
Missing character: There is no ค (U+0E04) in font [lmmono8-regular]:!
Missing character: There is no ้ (U+0E49) in font [lmmono8-regular]:!
Missing character: There is no น (U+0E19) in font [lmmono8-regular]:!
Missing character: There is no ห (U+0E2B) in font [lmmono8-regular]:!
Missing character: There is no า (U+0E32) in font [lmmono8-regular]:!
Missing character: There is no ค (U+0E04) in font [lmmono8-regular]:!
Missing character: There is no ว (U+0E27) in font [lmmono8-regular]:!
Missing character: There is no า (U+0E32) in font [lmmono8-regular]:!
Missing character: There is no ม (U+0E21) in font [lmmono8-regular]:!
Missing character: There is no ข (U+0E02) in font [lmmono8-regular]:!
Missing character: There is no ั (U+0E31) in font [lmmono8-regular]:!
Missing character: There is no ด (U+0E14) in font [lmmono8-regular]:!
Missing character: There is no แ (U+0E41) in font [lmmono8-regular]:!
Missing character: There is no ย (U+0E22) in font [lmmono8-regular]:!
Missing character: There is no ้ (U+0E49) in font [lmmono8-regular]:!
Missing character: There is no ง (U+0E07) in font [lmmono8-regular]:!
Missing character: There is no ใ (U+0E43) in font [lmmono8-regular]:!
Missing character: There is no น (U+0E19) in font [lmmono8-regular]:!
Missing character: There is no ฐ (U+0E10) in font [lmmono8-regular]:!
Missing character: There is no า (U+0E32) in font [lmmono8-regular]:!
Missing character: There is no น (U+0E19) in font [lmmono8-regular]:!
Missing character: There is no ข (U+0E02) in font [lmmono8-regular]:!
Missing character: There is no ้ (U+0E49) in font [lmmono8-regular]:!
Missing character: There is no อ (U+0E2D) in font [lmmono8-regular]:!
Missing character: There is no ม (U+0E21) in font [lmmono8-regular]:!
Missing character: There is no ู (U+0E39) in font [lmmono8-regular]:!
Missing character: There is no ล (U+0E25) in font [lmmono8-regular]:!
Missing character: There is no ร (U+0E23) in font [lmmono8-regular]:!
Missing character: There is no ว (U+0E27) in font [lmmono8-regular]:!
Missing character: There is no ม (U+0E21) in font [lmmono8-regular]:!
Missing character: There is no อ (U+0E2D) in font [lmmono8-regular]:!
Missing character: There is no ย (U+0E22) in font [lmmono8-regular]:!
Missing character: There is no ู (U+0E39) in font [lmmono8-regular]:!
Missing character: There is no ่ (U+0E48) in font [lmmono8-regular]:!
Missing character: There is no ใ (U+0E43) in font [lmmono8-regular]:!
Missing character: There is no น (U+0E19) in font [lmmono8-regular]:!
Missing character: There is no จ (U+0E08) in font [lmmono8-regular]:!
Missing character: There is no ั (U+0E31) in font [lmmono8-regular]:!
Missing character: There is no ด (U+0E14) in font [lmmono8-regular]:!
Missing character: There is no ก (U+0E01) in font [lmmono8-regular]:!
Missing character: There is no า (U+0E32) in font [lmmono8-regular]:!
Missing character: There is no ร (U+0E23) in font [lmmono8-regular]:!
Missing character: There is no ก (U+0E01) in font [lmmono8-regular]:!
Missing character: There is no ร (U+0E23) in font [lmmono8-regular]:!
Missing character: There is no ณ (U+0E13) in font [lmmono8-regular]:!
Missing character: There is no ี (U+0E35) in font [lmmono8-regular]:!
Missing character: There is no เ (U+0E40) in font [lmmono8-regular]:!
Missing character: There is no ก (U+0E01) in font [lmmono8-regular]:!
Missing character: There is no ิ (U+0E34) in font [lmmono8-regular]:!
Missing character: There is no ด (U+0E14) in font [lmmono8-regular]:!
Missing character: There is no ค (U+0E04) in font [lmmono8-regular]:!
Missing character: There is no ว (U+0E27) in font [lmmono8-regular]:!
Missing character: There is no า (U+0E32) in font [lmmono8-regular]:!
Missing character: There is no ม (U+0E21) in font [lmmono8-regular]:!
Missing character: There is no ข (U+0E02) in font [lmmono8-regular]:!
Missing character: There is no ั (U+0E31) in font [lmmono8-regular]:!
Missing character: There is no ด (U+0E14) in font [lmmono8-regular]:!
Missing character: There is no แ (U+0E41) in font [lmmono8-regular]:!
Missing character: There is no ย (U+0E22) in font [lmmono8-regular]:!
Missing character: There is no ้ (U+0E49) in font [lmmono8-regular]:!
Missing character: There is no ง (U+0E07) in font [lmmono8-regular]:!
Missing character: There is no ย (U+0E22) in font [lmmono8-regular]:!
Missing character: There is no ก (U+0E01) in font [lmmono8-regular]:!
Missing character: There is no เ (U+0E40) in font [lmmono8-regular]:!
Missing character: There is no ล (U+0E25) in font [lmmono8-regular]:!
Missing character: There is no ิ (U+0E34) in font [lmmono8-regular]:!
Missing character: There is no ก (U+0E01) in font [lmmono8-regular]:!
Missing character: There is no เ (U+0E40) in font [lmmono8-regular]:!
Missing character: There is no ท (U+0E17) in font [lmmono8-regular]:!
Missing character: There is no ร (U+0E23) in font [lmmono8-regular]:!
Missing character: There is no น (U+0E19) in font [lmmono8-regular]:!
Missing character: There is no เ (U+0E40) in font [lmmono8-regular]:!
Missing character: There is no น (U+0E19) in font [lmmono8-regular]:!
Missing character: There is no อ (U+0E2D) in font [lmmono8-regular]:!
Missing character: There is no ร (U+0E23) in font [lmmono8-regular]:!
Missing character: There is no ์ (U+0E4C) in font [lmmono8-regular]:!
Missing character: There is no ห (U+0E2B) in font [lmmono8-regular]:!
Missing character: There is no ร (U+0E23) in font [lmmono8-regular]:!
Missing character: There is no ื (U+0E37) in font [lmmono8-regular]:!
Missing character: There is no อ (U+0E2D) in font [lmmono8-regular]:!
Missing character: There is no อ (U+0E2D) in font [lmmono8-regular]:!
Missing character: There is no ุ (U+0E38) in font [lmmono8-regular]:!
Missing character: There is no ป (U+0E1B) in font [lmmono8-regular]:!
Missing character: There is no ก (U+0E01) in font [lmmono8-regular]:!
Missing character: There is no ร (U+0E23) in font [lmmono8-regular]:!
Missing character: There is no ณ (U+0E13) in font [lmmono8-regular]:!
Missing character: There is no ์ (U+0E4C) in font [lmmono8-regular]:!
Missing character: There is no ท (U+0E17) in font [lmmono8-regular]:!
Missing character: There is no ี (U+0E35) in font [lmmono8-regular]:!
Missing character: There is no ่ (U+0E48) in font [lmmono8-regular]:!
Missing character: There is no เ (U+0E40) in font [lmmono8-regular]:!
Missing character: There is no ล (U+0E25) in font [lmmono8-regular]:!
Missing character: There is no ื (U+0E37) in font [lmmono8-regular]:!
Missing character: There is no อ (U+0E2D) in font [lmmono8-regular]:!
Missing character: There is no ก (U+0E01) in font [lmmono8-regular]:!
Missing character: There is no ถ (U+0E16) in font [lmmono8-regular]:!
Missing character: There is no ู (U+0E39) in font [lmmono8-regular]:!
Missing character: There is no ก (U+0E01) in font [lmmono8-regular]:!
Missing character: There is no จ (U+0E08) in font [lmmono8-regular]:!
Missing character: There is no อ (U+0E2D) in font [lmmono8-regular]:!
Missing character: There is no ง (U+0E07) in font [lmmono8-regular]:!
Missing character: There is no แ (U+0E41) in font [lmmono8-regular]:!
Missing character: There is no ล (U+0E25) in font [lmmono8-regular]:!
Missing character: There is no ้ (U+0E49) in font [lmmono8-regular]:!
Missing character: There is no ว (U+0E27) in font [lmmono8-regular]:!
Missing character: There is no ใ (U+0E43) in font [lmmono8-regular]:!
Missing character: There is no น (U+0E19) in font [lmmono8-regular]:!
Missing character: There is no ช (U+0E0A) in font [lmmono8-regular]:!
Missing character: There is no ่ (U+0E48) in font [lmmono8-regular]:!
Missing character: There is no ว (U+0E27) in font [lmmono8-regular]:!
Missing character: There is no ง (U+0E07) in font [lmmono8-regular]:!
Missing character: There is no เ (U+0E40) in font [lmmono8-regular]:!
Missing character: There is no ว (U+0E27) in font [lmmono8-regular]:!
Missing character: There is no ล (U+0E25) in font [lmmono8-regular]:!
Missing character: There is no า (U+0E32) in font [lmmono8-regular]:!
Missing character: There is no น (U+0E19) in font [lmmono8-regular]:!
Missing character: There is no ี (U+0E35) in font [lmmono8-regular]:!
Missing character: There is no ้ (U+0E49) in font [lmmono8-regular]:!
Missing character: There is no ส (U+0E2A) in font [lmmono8-regular]:!
Missing character: There is no ร (U+0E23) in font [lmmono8-regular]:!
Missing character: There is no ้ (U+0E49) in font [lmmono8-regular]:!
Missing character: There is no า (U+0E32) in font [lmmono8-regular]:!
Missing character: There is no ง (U+0E07) in font [lmmono8-regular]:!
Missing character: There is no เ (U+0E40) in font [lmmono8-regular]:!
Missing character: There is no ซ (U+0E0B) in font [lmmono8-regular]:!
Missing character: There is no ส (U+0E2A) in font [lmmono8-regular]:!
Missing character: There is no ช (U+0E0A) in font [lmmono8-regular]:!
Missing character: There is no ั (U+0E31) in font [lmmono8-regular]:!
Missing character: There is no น (U+0E19) in font [lmmono8-regular]:!
Missing character: There is no ย (U+0E22) in font [lmmono8-regular]:!
Missing character: There is no ื (U+0E37) in font [lmmono8-regular]:!
Missing character: There is no น (U+0E19) in font [lmmono8-regular]:!
Missing character: There is no ย (U+0E22) in font [lmmono8-regular]:!
Missing character: There is no ั (U+0E31) in font [lmmono8-regular]:!
Missing character: There is no น (U+0E19) in font [lmmono8-regular]:!
Missing character: There is no ส (U+0E2A) in font [lmmono8-regular]:!
Missing character: There is no ่ (U+0E48) in font [lmmono8-regular]:!
Missing character: There is no ง (U+0E07) in font [lmmono8-regular]:!
Missing character: There is no ค (U+0E04) in font [lmmono8-regular]:!
Missing character: There is no ื (U+0E37) in font [lmmono8-regular]:!
Missing character: There is no น (U+0E19) in font [lmmono8-regular]:!
Missing character: There is no ผ (U+0E1C) in font [lmmono8-regular]:!
Missing character: There is no ล (U+0E25) in font [lmmono8-regular]:!
Missing character: There is no ล (U+0E25) in font [lmmono8-regular]:!
Missing character: There is no ั (U+0E31) in font [lmmono8-regular]:!
Missing character: There is no พ (U+0E1E) in font [lmmono8-regular]:!
Missing character: There is no ธ (U+0E18) in font [lmmono8-regular]:!
Missing character: There is no ์ (U+0E4C) in font [lmmono8-regular]:!
Missing character: There is no ส (U+0E2A) in font [lmmono8-regular]:!
Missing character: There is no ำ (U+0E33) in font [lmmono8-regular]:!
Missing character: There is no เ (U+0E40) in font [lmmono8-regular]:!
Missing character: There is no ร (U+0E23) in font [lmmono8-regular]:!
Missing character: There is no ็ (U+0E47) in font [lmmono8-regular]:!
Missing character: There is no จ (U+0E08) in font [lmmono8-regular]:!
Missing character: There is no ก (U+0E01) in font [lmmono8-regular]:!
Missing character: There is no า (U+0E32) in font [lmmono8-regular]:!
Missing character: There is no ร (U+0E23) in font [lmmono8-regular]:!
Missing character: There is no จ (U+0E08) in font [lmmono8-regular]:!
Missing character: There is no อ (U+0E2D) in font [lmmono8-regular]:!
Missing character: There is no ง (U+0E07) in font [lmmono8-regular]:!
Missing character: There is no เ (U+0E40) in font [lmmono8-regular]:!
Missing character: There is no ส (U+0E2A) in font [lmmono8-regular]:!
Missing character: There is no ร (U+0E23) in font [lmmono8-regular]:!
Missing character: There is no ็ (U+0E47) in font [lmmono8-regular]:!
Missing character: There is no จ (U+0E08) in font [lmmono8-regular]:!
Missing character: There is no ส (U+0E2A) in font [lmmono8-regular]:!
Missing character: There is no ม (U+0E21) in font [lmmono8-regular]:!
Missing character: There is no บ (U+0E1A) in font [lmmono8-regular]:!
Missing character: There is no ู (U+0E39) in font [lmmono8-regular]:!
Missing character: There is no ร (U+0E23) in font [lmmono8-regular]:!
Missing character: There is no ณ (U+0E13) in font [lmmono8-regular]:!
Missing character: There is no ์ (U+0E4C) in font [lmmono8-regular]:!
Missing character: There is no จ (U+0E08) in font [lmmono8-regular]:!
Missing character: There is no ั (U+0E31) in font [lmmono8-regular]:!
Missing character: There is no ด (U+0E14) in font [lmmono8-regular]:!
Missing character: There is no ก (U+0E01) in font [lmmono8-regular]:!
Missing character: There is no า (U+0E32) in font [lmmono8-regular]:!
Missing character: There is no ร (U+0E23) in font [lmmono8-regular]:!
Missing character: There is no ข (U+0E02) in font [lmmono8-regular]:!
Missing character: There is no ้ (U+0E49) in font [lmmono8-regular]:!
Missing character: There is no อ (U+0E2D) in font [lmmono8-regular]:!
Missing character: There is no ผ (U+0E1C) in font [lmmono8-regular]:!
Missing character: There is no ิ (U+0E34) in font [lmmono8-regular]:!
Missing character: There is no ด (U+0E14) in font [lmmono8-regular]:!
Missing character: There is no พ (U+0E1E) in font [lmmono8-regular]:!
Missing character: There is no ล (U+0E25) in font [lmmono8-regular]:!
Missing character: There is no า (U+0E32) in font [lmmono8-regular]:!
Missing character: There is no ด (U+0E14) in font [lmmono8-regular]:!
Missing character: There is no ท (U+0E17) in font [lmmono8-regular]:!
Missing character: There is no ี (U+0E35) in font [lmmono8-regular]:!
Missing character: There is no ่ (U+0E48) in font [lmmono8-regular]:!
Missing character: There is no ไ (U+0E44) in font [lmmono8-regular]:!
Missing character: There is no ม (U+0E21) in font [lmmono8-regular]:!
Missing character: There is no ่ (U+0E48) in font [lmmono8-regular]:!
Missing character: There is no ค (U+0E04) in font [lmmono8-regular]:!
Missing character: There is no า (U+0E32) in font [lmmono8-regular]:!
Missing character: There is no ด (U+0E14) in font [lmmono8-regular]:!
Missing character: There is no ค (U+0E04) in font [lmmono8-regular]:!
Missing character: There is no ิ (U+0E34) in font [lmmono8-regular]:!
Missing character: There is no ด (U+0E14) in font [lmmono8-regular]:!
Missing character: There is no ไ (U+0E44) in font [lmmono8-regular]:!
Missing character: There is no ม (U+0E21) in font [lmmono8-regular]:!
Missing character: There is no ่ (U+0E48) in font [lmmono8-regular]:!
Missing character: There is no ส (U+0E2A) in font [lmmono8-regular]:!
Missing character: There is no า (U+0E32) in font [lmmono8-regular]:!
Missing character: There is no ม (U+0E21) in font [lmmono8-regular]:!
Missing character: There is no า (U+0E32) in font [lmmono8-regular]:!
Missing character: There is no ร (U+0E23) in font [lmmono8-regular]:!
Missing character: There is no ถ (U+0E16) in font [lmmono8-regular]:!
Missing character: There is no ท (U+0E17) in font [lmmono8-regular]:!
Missing character: There is no ำ (U+0E33) in font [lmmono8-regular]:!
Missing character: There is no ร (U+0E23) in font [lmmono8-regular]:!
Missing character: There is no า (U+0E32) in font [lmmono8-regular]:!
Missing character: There is no ย (U+0E22) in font [lmmono8-regular]:!
Missing character: There is no ก (U+0E01) in font [lmmono8-regular]:!
Missing character: There is no า (U+0E32) in font [lmmono8-regular]:!
Missing character: There is no ร (U+0E23) in font [lmmono8-regular]:!
Missing character: There is no จ (U+0E08) in font [lmmono8-regular]:!
Missing character: There is no อ (U+0E2D) in font [lmmono8-regular]:!
Missing character: There is no ง (U+0E07) in font [lmmono8-regular]:!
Missing character: There is no ไ (U+0E44) in font [lmmono8-regular]:!
Missing character: There is no ด (U+0E14) in font [lmmono8-regular]:!
Missing character: There is no ้ (U+0E49) in font [lmmono8-regular]:!
[119]
Missing character: There is no ส (U+0E2A) in font [lmmono8-regular]:!
Missing character: There is no ำ (U+0E33) in font [lmmono8-regular]:!
Missing character: There is no ห (U+0E2B) in font [lmmono8-regular]:!
Missing character: There is no ร (U+0E23) in font [lmmono8-regular]:!
Missing character: There is no ั (U+0E31) in font [lmmono8-regular]:!
Missing character: There is no บ (U+0E1A) in font [lmmono8-regular]:!
Missing character: There is no ต (U+0E15) in font [lmmono8-regular]:!
Missing character: There is no ก (U+0E01) in font [lmmono8-regular]:!
Missing character: There is no แ (U+0E41) in font [lmmono8-regular]:!
Missing character: There is no ต (U+0E15) in font [lmmono8-regular]:!
Missing character: There is no ่ (U+0E48) in font [lmmono8-regular]:!
Missing character: There is no ง (U+0E07) in font [lmmono8-regular]:!
Missing character: There is no ล (U+0E25) in font [lmmono8-regular]:!
Missing character: There is no ิ (U+0E34) in font [lmmono8-regular]:!
Missing character: There is no ง (U+0E07) in font [lmmono8-regular]:!
Missing character: There is no ก (U+0E01) in font [lmmono8-regular]:!
Missing character: There is no ์ (U+0E4C) in font [lmmono8-regular]:!
Missing character: There is no เ (U+0E40) in font [lmmono8-regular]:!
Missing character: There is no ม (U+0E21) in font [lmmono8-regular]:!
Missing character: There is no น (U+0E19) in font [lmmono8-regular]:!
Missing character: There is no ู (U+0E39) in font [lmmono8-regular]:!
Missing character: There is no น (U+0E19) in font [lmmono8-regular]:!
Missing character: There is no ำ (U+0E33) in font [lmmono8-regular]:!
Missing character: There is no ท (U+0E17) in font [lmmono8-regular]:!
Missing character: There is no า (U+0E32) in font [lmmono8-regular]:!
Missing character: There is no ง (U+0E07) in font [lmmono8-regular]:!
Missing character: There is no ป (U+0E1B) in font [lmmono8-regular]:!
Missing character: There is no ุ (U+0E38) in font [lmmono8-regular]:!
Missing character: There is no ่ (U+0E48) in font [lmmono8-regular]:!
Missing character: There is no ม (U+0E21) in font [lmmono8-regular]:!
Missing character: There is no พ (U+0E1E) in font [lmmono8-regular]:!
Missing character: There is no ื (U+0E37) in font [lmmono8-regular]:!
Missing character: There is no ้ (U+0E49) in font [lmmono8-regular]:!
Missing character: There is no น (U+0E19) in font [lmmono8-regular]:!
Missing character: There is no ท (U+0E17) in font [lmmono8-regular]:!
Missing character: There is no ี (U+0E35) in font [lmmono8-regular]:!
Missing character: There is no ่ (U+0E48) in font [lmmono8-regular]:!
Missing character: There is no เ (U+0E40) in font [lmmono8-regular]:!
Missing character: There is no น (U+0E19) in font [lmmono8-regular]:!
Missing character: There is no ื (U+0E37) in font [lmmono8-regular]:!
Missing character: There is no ้ (U+0E49) in font [lmmono8-regular]:!
Missing character: There is no อ (U+0E2D) in font [lmmono8-regular]:!
Missing character: There is no ห (U+0E2B) in font [lmmono8-regular]:!
Missing character: There is no า (U+0E32) in font [lmmono8-regular]:!
Missing character: There is no ห (U+0E2B) in font [lmmono8-regular]:!
Missing character: There is no ล (U+0E25) in font [lmmono8-regular]:!
Missing character: There is no ั (U+0E31) in font [lmmono8-regular]:!
Missing character: There is no ก (U+0E01) in font [lmmono8-regular]:!
Missing character: There is no ส (U+0E2A) in font [lmmono8-regular]:!
Missing character: There is no ่ (U+0E48) in font [lmmono8-regular]:!
Missing character: There is no ว (U+0E27) in font [lmmono8-regular]:!
Missing character: There is no น (U+0E19) in font [lmmono8-regular]:!
Missing character: There is no ห (U+0E2B) in font [lmmono8-regular]:!
Missing character: There is no ั (U+0E31) in font [lmmono8-regular]:!
Missing character: There is no ว (U+0E27) in font [lmmono8-regular]:!
Missing character: There is no ส (U+0E2A) in font [lmmono8-regular]:!
Missing character: There is no ถ (U+0E16) in font [lmmono8-regular]:!
Missing character: There is no ิ (U+0E34) in font [lmmono8-regular]:!
Missing character: There is no ต (U+0E15) in font [lmmono8-regular]:!
Missing character: There is no ิ (U+0E34) in font [lmmono8-regular]:!
Missing character: There is no แ (U+0E41) in font [lmmono8-regular]:!
Missing character: There is no ล (U+0E25) in font [lmmono8-regular]:!
Missing character: There is no ะ (U+0E30) in font [lmmono8-regular]:!
Missing character: There is no ก (U+0E01) in font [lmmono8-regular]:!
Missing character: There is no ิ (U+0E34) in font [lmmono8-regular]:!
Missing character: There is no จ (U+0E08) in font [lmmono8-regular]:!
Missing character: There is no ก (U+0E01) in font [lmmono8-regular]:!
Missing character: There is no ร (U+0E23) in font [lmmono8-regular]:!
Missing character: There is no ร (U+0E23) in font [lmmono8-regular]:!
Missing character: There is no ม (U+0E21) in font [lmmono8-regular]:!
Missing character: There is no ป (U+0E1B) in font [lmmono8-regular]:!
Missing character: There is no ร (U+0E23) in font [lmmono8-regular]:!
Missing character: There is no ะ (U+0E30) in font [lmmono8-regular]:!
Missing character: There is no จ (U+0E08) in font [lmmono8-regular]:!
Missing character: There is no ำ (U+0E33) in font [lmmono8-regular]:!
Missing character: There is no ว (U+0E27) in font [lmmono8-regular]:!
Missing character: There is no ั (U+0E31) in font [lmmono8-regular]:!
Missing character: There is no น (U+0E19) in font [lmmono8-regular]:!
Missing character: There is no ส (U+0E2A) in font [lmmono8-regular]:!
Missing character: There is no ร (U+0E23) in font [lmmono8-regular]:!
Missing character: There is no ้ (U+0E49) in font [lmmono8-regular]:!
Missing character: There is no า (U+0E32) in font [lmmono8-regular]:!
Missing character: There is no ง (U+0E07) in font [lmmono8-regular]:!
Missing character: There is no ร (U+0E23) in font [lmmono8-regular]:!
Missing character: There is no า (U+0E32) in font [lmmono8-regular]:!
Missing character: There is no ย (U+0E22) in font [lmmono8-regular]:!
Missing character: There is no ง (U+0E07) in font [lmmono8-regular]:!
Missing character: There is no า (U+0E32) in font [lmmono8-regular]:!
Missing character: There is no น (U+0E19) in font [lmmono8-regular]:!
Missing character: There is no ก (U+0E01) in font [lmmono8-regular]:!
Missing character: There is no า (U+0E32) in font [lmmono8-regular]:!
Missing character: There is no ร (U+0E23) in font [lmmono8-regular]:!
Missing character: There is no ์ (U+0E4C) in font [lmmono8-regular]:!
Missing character: There is no ด (U+0E14) in font [lmmono8-regular]:!
Missing character: There is no ส (U+0E2A) in font [lmmono8-regular]:!
Missing character: There is no ถ (U+0E16) in font [lmmono8-regular]:!
Missing character: There is no ิ (U+0E34) in font [lmmono8-regular]:!
Missing character: There is no ต (U+0E15) in font [lmmono8-regular]:!
Missing character: There is no ิ (U+0E34) in font [lmmono8-regular]:!
Missing character: There is no ข (U+0E02) in font [lmmono8-regular]:!
Missing character: There is no ้ (U+0E49) in font [lmmono8-regular]:!
Missing character: There is no อ (U+0E2D) in font [lmmono8-regular]:!
Missing character: There is no ม (U+0E21) in font [lmmono8-regular]:!
Missing character: There is no ู (U+0E39) in font [lmmono8-regular]:!
Missing character: There is no ล (U+0E25) in font [lmmono8-regular]:!
Missing character: There is no ถ (U+0E16) in font [lmmono8-regular]:!
Missing character: There is no ู (U+0E39) in font [lmmono8-regular]:!
Missing character: There is no ก (U+0E01) in font [lmmono8-regular]:!
Missing character: There is no ฉ (U+0E09) in font [lmmono8-regular]:!
Missing character: There is no ี (U+0E35) in font [lmmono8-regular]:!
Missing character: There is no ด (U+0E14) in font [lmmono8-regular]:!
Missing character: There is no เ (U+0E40) in font [lmmono8-regular]:!
Missing character: There is no ข (U+0E02) in font [lmmono8-regular]:!
Missing character: There is no ้ (U+0E49) in font [lmmono8-regular]:!
Missing character: There is no า (U+0E32) in font [lmmono8-regular]:!
Missing character: There is no ม (U+0E21) in font [lmmono8-regular]:!
Missing character: There is no า (U+0E32) in font [lmmono8-regular]:!
Missing character: There is no จ (U+0E08) in font [lmmono8-regular]:!
Missing character: There is no า (U+0E32) in font [lmmono8-regular]:!
Missing character: There is no ก (U+0E01) in font [lmmono8-regular]:!
Missing character: There is no จ (U+0E08) in font [lmmono8-regular]:!
Missing character: There is no ำ (U+0E33) in font [lmmono8-regular]:!
Missing character: There is no น (U+0E19) in font [lmmono8-regular]:!
Missing character: There is no ว (U+0E27) in font [lmmono8-regular]:!
Missing character: There is no น (U+0E19) in font [lmmono8-regular]:!
Missing character: There is no ล (U+0E25) in font [lmmono8-regular]:!
Missing character: There is no ู (U+0E39) in font [lmmono8-regular]:!
Missing character: There is no ก (U+0E01) in font [lmmono8-regular]:!
Missing character: There is no ค (U+0E04) in font [lmmono8-regular]:!
Missing character: There is no ้ (U+0E49) in font [lmmono8-regular]:!
Missing character: There is no า (U+0E32) in font [lmmono8-regular]:!
Missing character: There is no ท (U+0E17) in font [lmmono8-regular]:!
Missing character: There is no ั (U+0E31) in font [lmmono8-regular]:!
Missing character: There is no ้ (U+0E49) in font [lmmono8-regular]:!
Missing character: There is no ง (U+0E07) in font [lmmono8-regular]:!
Missing character: There is no ห (U+0E2B) in font [lmmono8-regular]:!
Missing character: There is no ม (U+0E21) in font [lmmono8-regular]:!
Missing character: There is no ด (U+0E14) in font [lmmono8-regular]:!
[120]
Missing character: There is no เ (U+0E40) in font [lmmono8-regular]:!
Missing character: There is no ท (U+0E17) in font [lmmono8-regular]:!
Missing character: There is no ร (U+0E23) in font [lmmono8-regular]:!
Missing character: There is no น (U+0E19) in font [lmmono8-regular]:!
Missing character: There is no เ (U+0E40) in font [lmmono8-regular]:!
Missing character: There is no น (U+0E19) in font [lmmono8-regular]:!
Missing character: There is no อ (U+0E2D) in font [lmmono8-regular]:!
Missing character: There is no ร (U+0E23) in font [lmmono8-regular]:!
Missing character: There is no ์ (U+0E4C) in font [lmmono8-regular]:!
Missing character: There is no ท (U+0E17) in font [lmmono8-regular]:!
Missing character: There is no ี (U+0E35) in font [lmmono8-regular]:!
Missing character: There is no ่ (U+0E48) in font [lmmono8-regular]:!
Missing character: There is no พ (U+0E1E) in font [lmmono8-regular]:!
Missing character: There is no ร (U+0E23) in font [lmmono8-regular]:!
Missing character: There is no ้ (U+0E49) in font [lmmono8-regular]:!
Missing character: There is no อ (U+0E2D) in font [lmmono8-regular]:!
Missing character: There is no ม (U+0E21) in font [lmmono8-regular]:!
Missing character: There is no ใ (U+0E43) in font [lmmono8-regular]:!
Missing character: There is no ช (U+0E0A) in font [lmmono8-regular]:!
Missing character: There is no ้ (U+0E49) in font [lmmono8-regular]:!
Missing character: There is no ง (U+0E07) in font [lmmono8-regular]:!
Missing character: There is no า (U+0E32) in font [lmmono8-regular]:!
Missing character: There is no น (U+0E19) in font [lmmono8-regular]:!
Missing character: There is no ก (U+0E01) in font [lmmono8-regular]:!
Missing character: There is no า (U+0E32) in font [lmmono8-regular]:!
Missing character: There is no ร (U+0E23) in font [lmmono8-regular]:!
Missing character: There is no ์ (U+0E4C) in font [lmmono8-regular]:!
Missing character: There is no ด (U+0E14) in font [lmmono8-regular]:!
Missing character: There is no อ (U+0E2D) in font [lmmono8-regular]:!
Missing character: There is no ื (U+0E37) in font [lmmono8-regular]:!
Missing character: There is no ่ (U+0E48) in font [lmmono8-regular]:!
Missing character: There is no น (U+0E19) in font [lmmono8-regular]:!
Missing character: There is no ๆ (U+0E46) in font [lmmono8-regular]:!
Missing character: There is no ต (U+0E15) in font [lmmono8-regular]:!
Missing character: There is no า (U+0E32) in font [lmmono8-regular]:!
Missing character: There is no ร (U+0E23) in font [lmmono8-regular]:!
Missing character: There is no า (U+0E32) in font [lmmono8-regular]:!
Missing character: There is no ง (U+0E07) in font [lmmono8-regular]:!
Missing character: There is no ก (U+0E01) in font [lmmono8-regular]:!
Missing character: There is no ิ (U+0E34) in font [lmmono8-regular]:!
Missing character: There is no จ (U+0E08) in font [lmmono8-regular]:!
Missing character: There is no ก (U+0E01) in font [lmmono8-regular]:!
Missing character: There is no ร (U+0E23) in font [lmmono8-regular]:!
Missing character: There is no ร (U+0E23) in font [lmmono8-regular]:!
Missing character: There is no ม (U+0E21) in font [lmmono8-regular]:!
Missing character: There is no ล (U+0E25) in font [lmmono8-regular]:!
Missing character: There is no ่ (U+0E48) in font [lmmono8-regular]:!
Missing character: There is no า (U+0E32) in font [lmmono8-regular]:!
Missing character: There is no ส (U+0E2A) in font [lmmono8-regular]:!
Missing character: There is no ุ (U+0E38) in font [lmmono8-regular]:!
Missing character: There is no ด (U+0E14) in font [lmmono8-regular]:!
Missing character: There is no เ (U+0E40) in font [lmmono8-regular]:!
Missing character: There is no ซ (U+0E0B) in font [lmmono8-regular]:!
Missing character: There is no ส (U+0E2A) in font [lmmono8-regular]:!
Missing character: There is no ช (U+0E0A) in font [lmmono8-regular]:!
Missing character: There is no ั (U+0E31) in font [lmmono8-regular]:!
Missing character: There is no น (U+0E19) in font [lmmono8-regular]:!
Missing character: There is no ว (U+0E27) in font [lmmono8-regular]:!
Missing character: There is no ั (U+0E31) in font [lmmono8-regular]:!
Missing character: There is no น (U+0E19) in font [lmmono8-regular]:!
Missing character: There is no น (U+0E19) in font [lmmono8-regular]:!
Missing character: There is no ี (U+0E35) in font [lmmono8-regular]:!
Missing character: There is no ้ (U+0E49) in font [lmmono8-regular]:!
Missing character: There is no เ (U+0E40) in font [lmmono8-regular]:!
Missing character: There is no ว (U+0E27) in font [lmmono8-regular]:!
Missing character: There is no ล (U+0E25) in font [lmmono8-regular]:!
Missing character: There is no า (U+0E32) in font [lmmono8-regular]:!
Missing character: There is no ล (U+0E25) in font [lmmono8-regular]:!
Missing character: There is no ู (U+0E39) in font [lmmono8-regular]:!
Missing character: There is no ก (U+0E01) in font [lmmono8-regular]:!
Missing character: There is no ค (U+0E04) in font [lmmono8-regular]:!
Missing character: There is no ้ (U+0E49) in font [lmmono8-regular]:!
Missing character: There is no า (U+0E32) in font [lmmono8-regular]:!
Missing character: There is no เ (U+0E40) in font [lmmono8-regular]:!
Missing character: There is no ท (U+0E17) in font [lmmono8-regular]:!
Missing character: There is no ร (U+0E23) in font [lmmono8-regular]:!
Missing character: There is no น (U+0E19) in font [lmmono8-regular]:!
Missing character: There is no เ (U+0E40) in font [lmmono8-regular]:!
Missing character: There is no น (U+0E19) in font [lmmono8-regular]:!
Missing character: There is no อ (U+0E2D) in font [lmmono8-regular]:!
Missing character: There is no ร (U+0E23) in font [lmmono8-regular]:!
Missing character: There is no ์ (U+0E4C) in font [lmmono8-regular]:!
Missing character: There is no ก (U+0E01) in font [lmmono8-regular]:!
Missing character: There is no ิ (U+0E34) in font [lmmono8-regular]:!
Missing character: There is no จ (U+0E08) in font [lmmono8-regular]:!
Missing character: There is no ก (U+0E01) in font [lmmono8-regular]:!
Missing character: There is no ร (U+0E23) in font [lmmono8-regular]:!
Missing character: There is no ร (U+0E23) in font [lmmono8-regular]:!
Missing character: There is no ม (U+0E21) in font [lmmono8-regular]:!
Missing character: There is no ส (U+0E2A) in font [lmmono8-regular]:!
Missing character: There is no ถ (U+0E16) in font [lmmono8-regular]:!
Missing character: There is no า (U+0E32) in font [lmmono8-regular]:!
Missing character: There is no น (U+0E19) in font [lmmono8-regular]:!
Missing character: There is no ะ (U+0E30) in font [lmmono8-regular]:!
Missing character: There is no ว (U+0E27) in font [lmmono8-regular]:!
Missing character: There is no น (U+0E19) in font [lmmono8-regular]:!
Missing character: There is no ล (U+0E25) in font [lmmono8-regular]:!
Missing character: There is no ู (U+0E39) in font [lmmono8-regular]:!
Missing character: There is no ป (U+0E1B) in font [lmmono8-regular]:!
Missing character: There is no แ (U+0E41) in font [lmmono8-regular]:!
Missing character: There is no ส (U+0E2A) in font [lmmono8-regular]:!
Missing character: There is no ด (U+0E14) in font [lmmono8-regular]:!
Missing character: There is no ง (U+0E07) in font [lmmono8-regular]:!
Missing character: There is no ร (U+0E23) in font [lmmono8-regular]:!
Missing character: There is no า (U+0E32) in font [lmmono8-regular]:!
Missing character: There is no ย (U+0E22) in font [lmmono8-regular]:!
Missing character: There is no ก (U+0E01) in font [lmmono8-regular]:!
Missing character: There is no า (U+0E32) in font [lmmono8-regular]:!
Missing character: There is no ร (U+0E23) in font [lmmono8-regular]:!
Missing character: There is no ท (U+0E17) in font [lmmono8-regular]:!
Missing character: There is no ี (U+0E35) in font [lmmono8-regular]:!
Missing character: There is no ่ (U+0E48) in font [lmmono8-regular]:!
Missing character: There is no ส (U+0E2A) in font [lmmono8-regular]:!
Missing character: There is no ่ (U+0E48) in font [lmmono8-regular]:!
Missing character: There is no ง (U+0E07) in font [lmmono8-regular]:!
Missing character: There is no ม (U+0E21) in font [lmmono8-regular]:!
Missing character: There is no า (U+0E32) in font [lmmono8-regular]:!
Missing character: There is no จ (U+0E08) in font [lmmono8-regular]:!
Missing character: There is no า (U+0E32) in font [lmmono8-regular]:!
Missing character: There is no ก (U+0E01) in font [lmmono8-regular]:!
Missing character: There is no ก (U+0E01) in font [lmmono8-regular]:!
Missing character: There is no ร (U+0E23) in font [lmmono8-regular]:!
Missing character: There is no ณ (U+0E13) in font [lmmono8-regular]:!
Missing character: There is no ี (U+0E35) in font [lmmono8-regular]:!
Missing character: There is no ไ (U+0E44) in font [lmmono8-regular]:!
Missing character: There is no ม (U+0E21) in font [lmmono8-regular]:!
Missing character: There is no ่ (U+0E48) in font [lmmono8-regular]:!
Missing character: There is no ม (U+0E21) in font [lmmono8-regular]:!
Missing character: There is no ี (U+0E35) in font [lmmono8-regular]:!
Missing character: There is no ข (U+0E02) in font [lmmono8-regular]:!
Missing character: There is no ้ (U+0E49) in font [lmmono8-regular]:!
Missing character: There is no อ (U+0E2D) in font [lmmono8-regular]:!
Missing character: There is no ม (U+0E21) in font [lmmono8-regular]:!
Missing character: There is no ู (U+0E39) in font [lmmono8-regular]:!
Missing character: There is no ล (U+0E25) in font [lmmono8-regular]:!
Missing character: There is no ไ (U+0E44) in font [lmmono8-regular]:!
Missing character: There is no ม (U+0E21) in font [lmmono8-regular]:!
Missing character: There is no ่ (U+0E48) in font [lmmono8-regular]:!
Missing character: There is no ม (U+0E21) in font [lmmono8-regular]:!
Missing character: There is no ี (U+0E35) in font [lmmono8-regular]:!
Missing character: There is no ร (U+0E23) in font [lmmono8-regular]:!
Missing character: There is no า (U+0E32) in font [lmmono8-regular]:!
Missing character: There is no ย (U+0E22) in font [lmmono8-regular]:!
Missing character: There is no ก (U+0E01) in font [lmmono8-regular]:!
Missing character: There is no า (U+0E32) in font [lmmono8-regular]:!
Missing character: There is no ร (U+0E23) in font [lmmono8-regular]:!
Missing character: There is no จ (U+0E08) in font [lmmono8-regular]:!
Missing character: There is no อ (U+0E2D) in font [lmmono8-regular]:!
Missing character: There is no ง (U+0E07) in font [lmmono8-regular]:!
Missing character: There is no ส (U+0E2A) in font [lmmono8-regular]:!
Missing character: There is no ำ (U+0E33) in font [lmmono8-regular]:!
Missing character: There is no ห (U+0E2B) in font [lmmono8-regular]:!
Missing character: There is no ร (U+0E23) in font [lmmono8-regular]:!
Missing character: There is no ั (U+0E31) in font [lmmono8-regular]:!
Missing character: There is no บ (U+0E1A) in font [lmmono8-regular]:!
Missing character: There is no ว (U+0E27) in font [lmmono8-regular]:!
Missing character: There is no ั (U+0E31) in font [lmmono8-regular]:!
Missing character: There is no น (U+0E19) in font [lmmono8-regular]:!
Missing character: There is no น (U+0E19) in font [lmmono8-regular]:!
Missing character: There is no ี (U+0E35) in font [lmmono8-regular]:!
Missing character: There is no ้ (U+0E49) in font [lmmono8-regular]:!
Missing character: There is no เ (U+0E40) in font [lmmono8-regular]:!
Missing character: There is no ร (U+0E23) in font [lmmono8-regular]:!
Missing character: There is no ิ (U+0E34) in font [lmmono8-regular]:!
Missing character: There is no ่ (U+0E48) in font [lmmono8-regular]:!
Missing character: There is no ม (U+0E21) in font [lmmono8-regular]:!
Missing character: There is no ต (U+0E15) in font [lmmono8-regular]:!
Missing character: There is no ้ (U+0E49) in font [lmmono8-regular]:!
Missing character: There is no น (U+0E19) in font [lmmono8-regular]:!
Missing character: There is no ฟ (U+0E1F) in font [lmmono8-regular]:!
Missing character: There is no ั (U+0E31) in font [lmmono8-regular]:!
Missing character: There is no ง (U+0E07) in font [lmmono8-regular]:!
Missing character: There is no ก (U+0E01) in font [lmmono8-regular]:!
Missing character: There is no ์ (U+0E4C) in font [lmmono8-regular]:!
Missing character: There is no ช (U+0E0A) in font [lmmono8-regular]:!
Missing character: There is no ั (U+0E31) in font [lmmono8-regular]:!
Missing character: There is no น (U+0E19) in font [lmmono8-regular]:!
Missing character: There is no อ (U+0E2D) in font [lmmono8-regular]:!
Missing character: There is no อ (U+0E2D) in font [lmmono8-regular]:!
Missing character: There is no ก (U+0E01) in font [lmmono8-regular]:!
Missing character: There is no จ (U+0E08) in font [lmmono8-regular]:!
Missing character: There is no า (U+0E32) in font [lmmono8-regular]:!
Missing character: There is no ก (U+0E01) in font [lmmono8-regular]:!
Missing character: There is no ร (U+0E23) in font [lmmono8-regular]:!
Missing character: There is no ะ (U+0E30) in font [lmmono8-regular]:!
Missing character: There is no บ (U+0E1A) in font [lmmono8-regular]:!
Missing character: There is no บ (U+0E1A) in font [lmmono8-regular]:!
Missing character: There is no ค (U+0E04) in font [lmmono8-regular]:!
Missing character: There is no ุ (U+0E38) in font [lmmono8-regular]:!
Missing character: There is no ณ (U+0E13) in font [lmmono8-regular]:!
Missing character: There is no แ (U+0E41) in font [lmmono8-regular]:!
Missing character: There is no น (U+0E19) in font [lmmono8-regular]:!
Missing character: There is no ่ (U+0E48) in font [lmmono8-regular]:!
Missing character: There is no ใ (U+0E43) in font [lmmono8-regular]:!
Missing character: There is no จ (U+0E08) in font [lmmono8-regular]:!
Missing character: There is no ห (U+0E2B) in font [lmmono8-regular]:!
Missing character: There is no ร (U+0E23) in font [lmmono8-regular]:!
Missing character: There is no ื (U+0E37) in font [lmmono8-regular]:!
Missing character: There is no อ (U+0E2D) in font [lmmono8-regular]:!
Missing character: There is no ไ (U+0E44) in font [lmmono8-regular]:!
Missing character: There is no ม (U+0E21) in font [lmmono8-regular]:!
Missing character: There is no ่ (U+0E48) in font [lmmono8-regular]:!
Missing character: There is no ว (U+0E27) in font [lmmono8-regular]:!
Missing character: There is no ่ (U+0E48) in font [lmmono8-regular]:!
Missing character: There is no า (U+0E32) in font [lmmono8-regular]:!
Missing character: There is no ต (U+0E15) in font [lmmono8-regular]:!
Missing character: There is no ้ (U+0E49) in font [lmmono8-regular]:!
Missing character: There is no อ (U+0E2D) in font [lmmono8-regular]:!
Missing character: There is no ง (U+0E07) in font [lmmono8-regular]:!
Missing character: There is no ก (U+0E01) in font [lmmono8-regular]:!
Missing character: There is no า (U+0E32) in font [lmmono8-regular]:!
Missing character: There is no ร (U+0E23) in font [lmmono8-regular]:!
Missing character: There is no อ (U+0E2D) in font [lmmono8-regular]:!
Missing character: There is no อ (U+0E2D) in font [lmmono8-regular]:!
Missing character: There is no ก (U+0E01) in font [lmmono8-regular]:!
Missing character: There is no จ (U+0E08) in font [lmmono8-regular]:!
Missing character: There is no า (U+0E32) in font [lmmono8-regular]:!
Missing character: There is no ก (U+0E01) in font [lmmono8-regular]:!
Missing character: There is no ร (U+0E23) in font [lmmono8-regular]:!
Missing character: There is no ะ (U+0E30) in font [lmmono8-regular]:!
Missing character: There is no บ (U+0E1A) in font [lmmono8-regular]:!
Missing character: There is no บ (U+0E1A) in font [lmmono8-regular]:!
[121]
Missing character: There is no ฟ (U+0E1F) in font [lmmono8-regular]:!
Missing character: There is no ั (U+0E31) in font [lmmono8-regular]:!
Missing character: There is no ง (U+0E07) in font [lmmono8-regular]:!
Missing character: There is no ก (U+0E01) in font [lmmono8-regular]:!
Missing character: There is no ์ (U+0E4C) in font [lmmono8-regular]:!
Missing character: There is no ช (U+0E0A) in font [lmmono8-regular]:!
Missing character: There is no ั (U+0E31) in font [lmmono8-regular]:!
Missing character: There is no น (U+0E19) in font [lmmono8-regular]:!
Missing character: There is no ห (U+0E2B) in font [lmmono8-regular]:!
Missing character: There is no ล (U+0E25) in font [lmmono8-regular]:!
Missing character: There is no ั (U+0E31) in font [lmmono8-regular]:!
Missing character: There is no ก (U+0E01) in font [lmmono8-regular]:!
Missing character: There is no ส (U+0E2A) in font [lmmono8-regular]:!
Missing character: There is no ำ (U+0E33) in font [lmmono8-regular]:!
Missing character: There is no ห (U+0E2B) in font [lmmono8-regular]:!
Missing character: There is no ร (U+0E23) in font [lmmono8-regular]:!
Missing character: There is no ั (U+0E31) in font [lmmono8-regular]:!
Missing character: There is no บ (U+0E1A) in font [lmmono8-regular]:!
Missing character: There is no ต (U+0E15) in font [lmmono8-regular]:!
Missing character: There is no ร (U+0E23) in font [lmmono8-regular]:!
Missing character: There is no ว (U+0E27) in font [lmmono8-regular]:!
Missing character: There is no จ (U+0E08) in font [lmmono8-regular]:!
Missing character: There is no ส (U+0E2A) in font [lmmono8-regular]:!
Missing character: There is no อ (U+0E2D) in font [lmmono8-regular]:!
Missing character: There is no บ (U+0E1A) in font [lmmono8-regular]:!
Missing character: There is no ผ (U+0E1C) in font [lmmono8-regular]:!
Missing character: There is no ล (U+0E25) in font [lmmono8-regular]:!
Missing character: There is no ล (U+0E25) in font [lmmono8-regular]:!
Missing character: There is no ั (U+0E31) in font [lmmono8-regular]:!
Missing character: There is no พ (U+0E1E) in font [lmmono8-regular]:!
Missing character: There is no ธ (U+0E18) in font [lmmono8-regular]:!
Missing character: There is no ์ (U+0E4C) in font [lmmono8-regular]:!
Missing character: There is no ก (U+0E01) in font [lmmono8-regular]:!
Missing character: There is no า (U+0E32) in font [lmmono8-regular]:!
Missing character: There is no ร (U+0E23) in font [lmmono8-regular]:!
Missing character: There is no ห (U+0E2B) in font [lmmono8-regular]:!
Missing character: There is no า (U+0E32) in font [lmmono8-regular]:!
Missing character: There is no ก (U+0E01) in font [lmmono8-regular]:!
Missing character: There is no ม (U+0E21) in font [lmmono8-regular]:!
Missing character: There is no ี (U+0E35) in font [lmmono8-regular]:!
Missing character: There is no ข (U+0E02) in font [lmmono8-regular]:!
Missing character: There is no ้ (U+0E49) in font [lmmono8-regular]:!
Missing character: There is no อ (U+0E2D) in font [lmmono8-regular]:!
Missing character: There is no ผ (U+0E1C) in font [lmmono8-regular]:!
Missing character: There is no ิ (U+0E34) in font [lmmono8-regular]:!
Missing character: There is no ด (U+0E14) in font [lmmono8-regular]:!
Missing character: There is no พ (U+0E1E) in font [lmmono8-regular]:!
Missing character: There is no ล (U+0E25) in font [lmmono8-regular]:!
Missing character: There is no า (U+0E32) in font [lmmono8-regular]:!
Missing character: There is no ด (U+0E14) in font [lmmono8-regular]:!
Missing character: There is no ส (U+0E2A) in font [lmmono8-regular]:!
Missing character: There is no ่ (U+0E48) in font [lmmono8-regular]:!
Missing character: There is no ง (U+0E07) in font [lmmono8-regular]:!
Missing character: There is no ค (U+0E04) in font [lmmono8-regular]:!
Missing character: There is no ื (U+0E37) in font [lmmono8-regular]:!
Missing character: There is no น (U+0E19) in font [lmmono8-regular]:!
Missing character: There is no พ (U+0E1E) in font [lmmono8-regular]:!
Missing character: There is no ร (U+0E23) in font [lmmono8-regular]:!
Missing character: There is no ้ (U+0E49) in font [lmmono8-regular]:!
Missing character: There is no อ (U+0E2D) in font [lmmono8-regular]:!
Missing character: There is no ม (U+0E21) in font [lmmono8-regular]:!
Missing character: There is no ร (U+0E23) in font [lmmono8-regular]:!
Missing character: There is no า (U+0E32) in font [lmmono8-regular]:!
Missing character: There is no ย (U+0E22) in font [lmmono8-regular]:!
Missing character: There is no ล (U+0E25) in font [lmmono8-regular]:!
Missing character: There is no ะ (U+0E30) in font [lmmono8-regular]:!
Missing character: There is no เ (U+0E40) in font [lmmono8-regular]:!
Missing character: There is no อ (U+0E2D) in font [lmmono8-regular]:!
Missing character: There is no ี (U+0E35) in font [lmmono8-regular]:!
Missing character: There is no ย (U+0E22) in font [lmmono8-regular]:!
Missing character: There is no ด (U+0E14) in font [lmmono8-regular]:!
Missing character: There is no ห (U+0E2B) in font [lmmono8-regular]:!
Missing character: There is no า (U+0E32) in font [lmmono8-regular]:!
Missing character: There is no ก (U+0E01) in font [lmmono8-regular]:!
Missing character: There is no ผ (U+0E1C) in font [lmmono8-regular]:!
Missing character: There is no ่ (U+0E48) in font [lmmono8-regular]:!
Missing character: There is no า (U+0E32) in font [lmmono8-regular]:!
Missing character: There is no น (U+0E19) in font [lmmono8-regular]:!
Missing character: There is no ใ (U+0E43) in font [lmmono8-regular]:!
Missing character: There is no ห (U+0E2B) in font [lmmono8-regular]:!
Missing character: There is no ้ (U+0E49) in font [lmmono8-regular]:!
Missing character: There is no ไ (U+0E44) in font [lmmono8-regular]:!
Missing character: There is no ป (U+0E1B) in font [lmmono8-regular]:!
Missing character: There is no ท (U+0E17) in font [lmmono8-regular]:!
Missing character: There is no ำ (U+0E33) in font [lmmono8-regular]:!
Missing character: There is no ง (U+0E07) in font [lmmono8-regular]:!
Missing character: There is no า (U+0E32) in font [lmmono8-regular]:!
Missing character: There is no น (U+0E19) in font [lmmono8-regular]:!
Missing character: There is no ใ (U+0E43) in font [lmmono8-regular]:!
Missing character: There is no น (U+0E19) in font [lmmono8-regular]:!
Missing character: There is no ถ (U+0E16) in font [lmmono8-regular]:!
Missing character: There is no ั (U+0E31) in font [lmmono8-regular]:!
Missing character: There is no ด (U+0E14) in font [lmmono8-regular]:!
Missing character: There is no ไ (U+0E44) in font [lmmono8-regular]:!
Missing character: There is no ป (U+0E1B) in font [lmmono8-regular]:!
Missing character: There is no ก (U+0E01) in font [lmmono8-regular]:!
Missing character: There is no ฎ (U+0E0E) in font [lmmono8-regular]:!
Missing character: There is no ก (U+0E01) in font [lmmono8-regular]:!
Missing character: There is no า (U+0E32) in font [lmmono8-regular]:!
Missing character: There is no ร (U+0E23) in font [lmmono8-regular]:!
Missing character: There is no ต (U+0E15) in font [lmmono8-regular]:!
Missing character: There is no ร (U+0E23) in font [lmmono8-regular]:!
Missing character: There is no ว (U+0E27) in font [lmmono8-regular]:!
Missing character: There is no จ (U+0E08) in font [lmmono8-regular]:!
Missing character: There is no ส (U+0E2A) in font [lmmono8-regular]:!
Missing character: There is no อ (U+0E2D) in font [lmmono8-regular]:!
Missing character: There is no บ (U+0E1A) in font [lmmono8-regular]:!
Missing character: There is no ข (U+0E02) in font [lmmono8-regular]:!
Missing character: There is no ้ (U+0E49) in font [lmmono8-regular]:!
Missing character: There is no อ (U+0E2D) in font [lmmono8-regular]:!
Missing character: There is no ม (U+0E21) in font [lmmono8-regular]:!
Missing character: There is no ู (U+0E39) in font [lmmono8-regular]:!
Missing character: There is no ล (U+0E25) in font [lmmono8-regular]:!
Missing character: There is no ล (U+0E25) in font [lmmono8-regular]:!
Missing character: There is no ู (U+0E39) in font [lmmono8-regular]:!
Missing character: There is no ก (U+0E01) in font [lmmono8-regular]:!
Missing character: There is no ค (U+0E04) in font [lmmono8-regular]:!
Missing character: There is no ้ (U+0E49) in font [lmmono8-regular]:!
Missing character: There is no า (U+0E32) in font [lmmono8-regular]:!
Missing character: There is no จ (U+0E08) in font [lmmono8-regular]:!
Missing character: There is no ำ (U+0E33) in font [lmmono8-regular]:!
Missing character: There is no เ (U+0E40) in font [lmmono8-regular]:!
Missing character: There is no ป (U+0E1B) in font [lmmono8-regular]:!
Missing character: There is no ็ (U+0E47) in font [lmmono8-regular]:!
Missing character: There is no น (U+0E19) in font [lmmono8-regular]:!
Missing character: There is no ต (U+0E15) in font [lmmono8-regular]:!
Missing character: There is no ้ (U+0E49) in font [lmmono8-regular]:!
Missing character: There is no อ (U+0E2D) in font [lmmono8-regular]:!
Missing character: There is no ง (U+0E07) in font [lmmono8-regular]:!
Missing character: There is no ร (U+0E23) in font [lmmono8-regular]:!
Missing character: There is no ะ (U+0E30) in font [lmmono8-regular]:!
Missing character: There is no บ (U+0E1A) in font [lmmono8-regular]:!
Missing character: There is no ุ (U+0E38) in font [lmmono8-regular]:!
Missing character: There is no ช (U+0E0A) in font [lmmono8-regular]:!
Missing character: There is no ื (U+0E37) in font [lmmono8-regular]:!
Missing character: There is no ่ (U+0E48) in font [lmmono8-regular]:!
Missing character: There is no อ (U+0E2D) in font [lmmono8-regular]:!
Missing character: There is no น (U+0E19) in font [lmmono8-regular]:!
Missing character: There is no า (U+0E32) in font [lmmono8-regular]:!
Missing character: There is no ม (U+0E21) in font [lmmono8-regular]:!
Missing character: There is no ส (U+0E2A) in font [lmmono8-regular]:!
Missing character: There is no ก (U+0E01) in font [lmmono8-regular]:!
Missing character: There is no ุ (U+0E38) in font [lmmono8-regular]:!
Missing character: There is no ล (U+0E25) in font [lmmono8-regular]:!
Missing character: There is no ร (U+0E23) in font [lmmono8-regular]:!
Missing character: There is no ู (U+0E39) in font [lmmono8-regular]:!
Missing character: There is no ป (U+0E1B) in font [lmmono8-regular]:!
Missing character: There is no แ (U+0E41) in font [lmmono8-regular]:!
Missing character: There is no บ (U+0E1A) in font [lmmono8-regular]:!
Missing character: There is no บ (U+0E1A) in font [lmmono8-regular]:!
Missing character: There is no อ (U+0E2D) in font [lmmono8-regular]:!
Missing character: There is no ี (U+0E35) in font [lmmono8-regular]:!
Missing character: There is no เ (U+0E40) in font [lmmono8-regular]:!
Missing character: There is no ม (U+0E21) in font [lmmono8-regular]:!
Missing character: There is no ล (U+0E25) in font [lmmono8-regular]:!
Missing character: There is no ไ (U+0E44) in font [lmmono8-regular]:!
Missing character: There is no ม (U+0E21) in font [lmmono8-regular]:!
Missing character: There is no ่ (U+0E48) in font [lmmono8-regular]:!
Missing character: There is no ถ (U+0E16) in font [lmmono8-regular]:!
Missing character: There is no ู (U+0E39) in font [lmmono8-regular]:!
Missing character: There is no ก (U+0E01) in font [lmmono8-regular]:!
Missing character: There is no ต (U+0E15) in font [lmmono8-regular]:!
Missing character: There is no ้ (U+0E49) in font [lmmono8-regular]:!
Missing character: There is no อ (U+0E2D) in font [lmmono8-regular]:!
Missing character: There is no ง (U+0E07) in font [lmmono8-regular]:!
Missing character: There is no ร (U+0E23) in font [lmmono8-regular]:!
Missing character: There is no ู (U+0E39) in font [lmmono8-regular]:!
Missing character: There is no ป (U+0E1B) in font [lmmono8-regular]:!
Missing character: There is no แ (U+0E41) in font [lmmono8-regular]:!
Missing character: There is no บ (U+0E1A) in font [lmmono8-regular]:!
Missing character: There is no บ (U+0E1A) in font [lmmono8-regular]:!
Missing character: There is no เ (U+0E40) in font [lmmono8-regular]:!
Missing character: There is no บ (U+0E1A) in font [lmmono8-regular]:!
Missing character: There is no อ (U+0E2D) in font [lmmono8-regular]:!
Missing character: There is no ร (U+0E23) in font [lmmono8-regular]:!
Missing character: There is no ์ (U+0E4C) in font [lmmono8-regular]:!
Missing character: There is no โ (U+0E42) in font [lmmono8-regular]:!
Missing character: There is no ท (U+0E17) in font [lmmono8-regular]:!
Missing character: There is no ร (U+0E23) in font [lmmono8-regular]:!
Missing character: There is no ศ (U+0E28) in font [lmmono8-regular]:!
Missing character: There is no ั (U+0E31) in font [lmmono8-regular]:!
Missing character: There is no พ (U+0E1E) in font [lmmono8-regular]:!
Missing character: There is no ท (U+0E17) in font [lmmono8-regular]:!
Missing character: There is no ์ (U+0E4C) in font [lmmono8-regular]:!
Missing character: There is no ไ (U+0E44) in font [lmmono8-regular]:!
Missing character: There is no ม (U+0E21) in font [lmmono8-regular]:!
Missing character: There is no ่ (U+0E48) in font [lmmono8-regular]:!
Missing character: There is no ถ (U+0E16) in font [lmmono8-regular]:!
Missing character: There is no ู (U+0E39) in font [lmmono8-regular]:!
Missing character: There is no ก (U+0E01) in font [lmmono8-regular]:!
Missing character: There is no ต (U+0E15) in font [lmmono8-regular]:!
Missing character: There is no ้ (U+0E49) in font [lmmono8-regular]:!
Missing character: There is no อ (U+0E2D) in font [lmmono8-regular]:!
Missing character: There is no ง (U+0E07) in font [lmmono8-regular]:!
Missing character: There is no ป (U+0E1B) in font [lmmono8-regular]:!
Missing character: There is no ร (U+0E23) in font [lmmono8-regular]:!
Missing character: There is no ะ (U+0E30) in font [lmmono8-regular]:!
Missing character: There is no เ (U+0E40) in font [lmmono8-regular]:!
Missing character: There is no ภ (U+0E20) in font [lmmono8-regular]:!
Missing character: There is no ท (U+0E17) in font [lmmono8-regular]:!
Missing character: There is no ส (U+0E2A) in font [lmmono8-regular]:!
Missing character: There is no ม (U+0E21) in font [lmmono8-regular]:!
Missing character: There is no า (U+0E32) in font [lmmono8-regular]:!
Missing character: There is no ช (U+0E0A) in font [lmmono8-regular]:!
Missing character: There is no ิ (U+0E34) in font [lmmono8-regular]:!
Missing character: There is no ก (U+0E01) in font [lmmono8-regular]:!
Missing character: There is no ไ (U+0E44) in font [lmmono8-regular]:!
Missing character: There is no ม (U+0E21) in font [lmmono8-regular]:!
Missing character: There is no ่ (U+0E48) in font [lmmono8-regular]:!
Missing character: There is no ถ (U+0E16) in font [lmmono8-regular]:!
Missing character: There is no ู (U+0E39) in font [lmmono8-regular]:!
Missing character: There is no ก (U+0E01) in font [lmmono8-regular]:!
Missing character: There is no ต (U+0E15) in font [lmmono8-regular]:!
Missing character: There is no ้ (U+0E49) in font [lmmono8-regular]:!
Missing character: There is no อ (U+0E2D) in font [lmmono8-regular]:!
Missing character: There is no ง (U+0E07) in font [lmmono8-regular]:!
Missing character: There is no ก (U+0E01) in font [lmmono8-regular]:!
Missing character: There is no ฎ (U+0E0E) in font [lmmono8-regular]:!
Missing character: There is no อ (U+0E2D) in font [lmmono8-regular]:!
Missing character: There is no ื (U+0E37) in font [lmmono8-regular]:!
Missing character: There is no ่ (U+0E48) in font [lmmono8-regular]:!
Missing character: There is no น (U+0E19) in font [lmmono8-regular]:!
Missing character: There is no ๆ (U+0E46) in font [lmmono8-regular]:!
Missing character: There is no ก (U+0E01) in font [lmmono8-regular]:!
Missing character: There is no ฎ (U+0E0E) in font [lmmono8-regular]:!
Missing character: There is no ก (U+0E01) in font [lmmono8-regular]:!
Missing character: There is no า (U+0E32) in font [lmmono8-regular]:!
Missing character: There is no ร (U+0E23) in font [lmmono8-regular]:!
Missing character: There is no ต (U+0E15) in font [lmmono8-regular]:!
Missing character: There is no ร (U+0E23) in font [lmmono8-regular]:!
Missing character: There is no ว (U+0E27) in font [lmmono8-regular]:!
Missing character: There is no จ (U+0E08) in font [lmmono8-regular]:!
Missing character: There is no ส (U+0E2A) in font [lmmono8-regular]:!
Missing character: There is no อ (U+0E2D) in font [lmmono8-regular]:!
Missing character: There is no บ (U+0E1A) in font [lmmono8-regular]:!
Missing character: There is no ข (U+0E02) in font [lmmono8-regular]:!
Missing character: There is no ้ (U+0E49) in font [lmmono8-regular]:!
Missing character: There is no อ (U+0E2D) in font [lmmono8-regular]:!
Missing character: There is no ม (U+0E21) in font [lmmono8-regular]:!
Missing character: There is no ู (U+0E39) in font [lmmono8-regular]:!
Missing character: There is no ล (U+0E25) in font [lmmono8-regular]:!
Missing character: There is no ก (U+0E01) in font [lmmono8-regular]:!
Missing character: There is no า (U+0E32) in font [lmmono8-regular]:!
Missing character: There is no ร (U+0E23) in font [lmmono8-regular]:!
Missing character: There is no จ (U+0E08) in font [lmmono8-regular]:!
Missing character: There is no อ (U+0E2D) in font [lmmono8-regular]:!
Missing character: There is no ง (U+0E07) in font [lmmono8-regular]:!
Missing character: There is no เ (U+0E40) in font [lmmono8-regular]:!
Missing character: There is no ซ (U+0E0B) in font [lmmono8-regular]:!
Missing character: There is no ส (U+0E2A) in font [lmmono8-regular]:!
Missing character: There is no ช (U+0E0A) in font [lmmono8-regular]:!
Missing character: There is no ั (U+0E31) in font [lmmono8-regular]:!
Missing character: There is no น (U+0E19) in font [lmmono8-regular]:!
Missing character: There is no ร (U+0E23) in font [lmmono8-regular]:!
Missing character: There is no ู (U+0E39) in font [lmmono8-regular]:!
Missing character: There is no ป (U+0E1B) in font [lmmono8-regular]:!
Missing character: There is no แ (U+0E41) in font [lmmono8-regular]:!
Missing character: There is no บ (U+0E1A) in font [lmmono8-regular]:!
Missing character: There is no บ (U+0E1A) in font [lmmono8-regular]:!
Missing character: There is no ว (U+0E27) in font [lmmono8-regular]:!
Missing character: There is no ั (U+0E31) in font [lmmono8-regular]:!
Missing character: There is no น (U+0E19) in font [lmmono8-regular]:!
Missing character: There is no ท (U+0E17) in font [lmmono8-regular]:!
Missing character: There is no ี (U+0E35) in font [lmmono8-regular]:!
Missing character: There is no ่ (U+0E48) in font [lmmono8-regular]:!
Missing character: There is no ไ (U+0E44) in font [lmmono8-regular]:!
Missing character: There is no ม (U+0E21) in font [lmmono8-regular]:!
Missing character: There is no ่ (U+0E48) in font [lmmono8-regular]:!
Missing character: There is no ถ (U+0E16) in font [lmmono8-regular]:!
Missing character: There is no ู (U+0E39) in font [lmmono8-regular]:!
Missing character: There is no ก (U+0E01) in font [lmmono8-regular]:!
Missing character: There is no ต (U+0E15) in font [lmmono8-regular]:!
Missing character: There is no ้ (U+0E49) in font [lmmono8-regular]:!
Missing character: There is no อ (U+0E2D) in font [lmmono8-regular]:!
Missing character: There is no ง (U+0E07) in font [lmmono8-regular]:!
Missing character: There is no ต (U+0E15) in font [lmmono8-regular]:!
Missing character: There is no ้ (U+0E49) in font [lmmono8-regular]:!
Missing character: There is no อ (U+0E2D) in font [lmmono8-regular]:!
Missing character: There is no ง (U+0E07) in font [lmmono8-regular]:!
Missing character: There is no เ (U+0E40) in font [lmmono8-regular]:!
Missing character: There is no ป (U+0E1B) in font [lmmono8-regular]:!
Missing character: There is no ็ (U+0E47) in font [lmmono8-regular]:!
Missing character: There is no น (U+0E19) in font [lmmono8-regular]:!
Missing character: There is no ต (U+0E15) in font [lmmono8-regular]:!
Missing character: There is no ั (U+0E31) in font [lmmono8-regular]:!
Missing character: There is no ว (U+0E27) in font [lmmono8-regular]:!
Missing character: There is no เ (U+0E40) in font [lmmono8-regular]:!
Missing character: There is no ล (U+0E25) in font [lmmono8-regular]:!
Missing character: There is no ข (U+0E02) in font [lmmono8-regular]:!
Missing character: There is no จ (U+0E08) in font [lmmono8-regular]:!
Missing character: There is no ำ (U+0E33) in font [lmmono8-regular]:!
Missing character: There is no น (U+0E19) in font [lmmono8-regular]:!
Missing character: There is no ว (U+0E27) in font [lmmono8-regular]:!
Missing character: There is no น (U+0E19) in font [lmmono8-regular]:!
Missing character: There is no เ (U+0E40) in font [lmmono8-regular]:!
Missing character: There is no ต (U+0E15) in font [lmmono8-regular]:!
Missing character: There is no ็ (U+0E47) in font [lmmono8-regular]:!
Missing character: There is no ม (U+0E21) in font [lmmono8-regular]:!
Missing character: There is no ต (U+0E15) in font [lmmono8-regular]:!
Missing character: There is no ้ (U+0E49) in font [lmmono8-regular]:!
Missing character: There is no อ (U+0E2D) in font [lmmono8-regular]:!
Missing character: There is no ง (U+0E07) in font [lmmono8-regular]:!
Missing character: There is no เ (U+0E40) in font [lmmono8-regular]:!
Missing character: There is no ป (U+0E1B) in font [lmmono8-regular]:!
Missing character: There is no ็ (U+0E47) in font [lmmono8-regular]:!
Missing character: There is no น (U+0E19) in font [lmmono8-regular]:!
Missing character: There is no ต (U+0E15) in font [lmmono8-regular]:!
Missing character: There is no ั (U+0E31) in font [lmmono8-regular]:!
Missing character: There is no ว (U+0E27) in font [lmmono8-regular]:!
Missing character: There is no เ (U+0E40) in font [lmmono8-regular]:!
Missing character: There is no ล (U+0E25) in font [lmmono8-regular]:!
Missing character: There is no ข (U+0E02) in font [lmmono8-regular]:!
Missing character: There is no จ (U+0E08) in font [lmmono8-regular]:!
Missing character: There is no ำ (U+0E33) in font [lmmono8-regular]:!
Missing character: There is no น (U+0E19) in font [lmmono8-regular]:!
Missing character: There is no ว (U+0E27) in font [lmmono8-regular]:!
Missing character: There is no น (U+0E19) in font [lmmono8-regular]:!
Missing character: There is no เ (U+0E40) in font [lmmono8-regular]:!
Missing character: There is no ต (U+0E15) in font [lmmono8-regular]:!
Missing character: There is no ็ (U+0E47) in font [lmmono8-regular]:!
Missing character: There is no ม (U+0E21) in font [lmmono8-regular]:!
Missing character: There is no ต (U+0E15) in font [lmmono8-regular]:!
Missing character: There is no ้ (U+0E49) in font [lmmono8-regular]:!
Missing character: There is no อ (U+0E2D) in font [lmmono8-regular]:!
Missing character: There is no ง (U+0E07) in font [lmmono8-regular]:!
Missing character: There is no เ (U+0E40) in font [lmmono8-regular]:!
Missing character: There is no ป (U+0E1B) in font [lmmono8-regular]:!
Missing character: There is no ็ (U+0E47) in font [lmmono8-regular]:!
Missing character: There is no น (U+0E19) in font [lmmono8-regular]:!
Missing character: There is no ต (U+0E15) in font [lmmono8-regular]:!
Missing character: There is no ั (U+0E31) in font [lmmono8-regular]:!
Missing character: There is no ว (U+0E27) in font [lmmono8-regular]:!
Missing character: There is no เ (U+0E40) in font [lmmono8-regular]:!
Missing character: There is no ล (U+0E25) in font [lmmono8-regular]:!
Missing character: There is no ข (U+0E02) in font [lmmono8-regular]:!
Missing character: There is no จ (U+0E08) in font [lmmono8-regular]:!
Missing character: There is no ำ (U+0E33) in font [lmmono8-regular]:!
Missing character: There is no น (U+0E19) in font [lmmono8-regular]:!
Missing character: There is no ว (U+0E27) in font [lmmono8-regular]:!
Missing character: There is no น (U+0E19) in font [lmmono8-regular]:!
Missing character: There is no เ (U+0E40) in font [lmmono8-regular]:!
Missing character: There is no ต (U+0E15) in font [lmmono8-regular]:!
Missing character: There is no ็ (U+0E47) in font [lmmono8-regular]:!
Missing character: There is no ม (U+0E21) in font [lmmono8-regular]:!
Missing character: There is no ฟ (U+0E1F) in font [lmmono8-regular]:!
Missing character: There is no ั (U+0E31) in font [lmmono8-regular]:!
Missing character: There is no ง (U+0E07) in font [lmmono8-regular]:!
Missing character: There is no ก (U+0E01) in font [lmmono8-regular]:!
Missing character: There is no ์ (U+0E4C) in font [lmmono8-regular]:!
Missing character: There is no ช (U+0E0A) in font [lmmono8-regular]:!
Missing character: There is no ั (U+0E31) in font [lmmono8-regular]:!
Missing character: There is no น (U+0E19) in font [lmmono8-regular]:!
Missing character: There is no อ (U+0E2D) in font [lmmono8-regular]:!
Missing character: There is no ื (U+0E37) in font [lmmono8-regular]:!
Missing character: There is no ่ (U+0E48) in font [lmmono8-regular]:!
Missing character: There is no น (U+0E19) in font [lmmono8-regular]:!
Missing character: There is no ๆ (U+0E46) in font [lmmono8-regular]:!
Missing character: There is no ต (U+0E15) in font [lmmono8-regular]:!
Missing character: There is no ร (U+0E23) in font [lmmono8-regular]:!
Missing character: There is no ว (U+0E27) in font [lmmono8-regular]:!
Missing character: There is no จ (U+0E08) in font [lmmono8-regular]:!
Missing character: There is no ส (U+0E2A) in font [lmmono8-regular]:!
Missing character: There is no อ (U+0E2D) in font [lmmono8-regular]:!
Missing character: There is no บ (U+0E1A) in font [lmmono8-regular]:!
Missing character: There is no ว (U+0E27) in font [lmmono8-regular]:!
Missing character: There is no ่ (U+0E48) in font [lmmono8-regular]:!
Missing character: There is no า (U+0E32) in font [lmmono8-regular]:!
Missing character: There is no ก (U+0E01) in font [lmmono8-regular]:!
Missing character: There is no ำ (U+0E33) in font [lmmono8-regular]:!
Missing character: There is no ล (U+0E25) in font [lmmono8-regular]:!
Missing character: There is no ั (U+0E31) in font [lmmono8-regular]:!
Missing character: There is no ง (U+0E07) in font [lmmono8-regular]:!
Missing character: There is no อ (U+0E2D) in font [lmmono8-regular]:!
Missing character: There is no ย (U+0E22) in font [lmmono8-regular]:!
Missing character: There is no ู (U+0E39) in font [lmmono8-regular]:!
Missing character: There is no ่ (U+0E48) in font [lmmono8-regular]:!
Missing character: There is no ใ (U+0E43) in font [lmmono8-regular]:!
Missing character: There is no น (U+0E19) in font [lmmono8-regular]:!
Missing character: There is no ห (U+0E2B) in font [lmmono8-regular]:!
Missing character: There is no น (U+0E19) in font [lmmono8-regular]:!
Missing character: There is no ้ (U+0E49) in font [lmmono8-regular]:!
Missing character: There is no า (U+0E32) in font [lmmono8-regular]:!
Missing character: There is no ห (U+0E2B) in font [lmmono8-regular]:!
Missing character: There is no ร (U+0E23) in font [lmmono8-regular]:!
Missing character: There is no ื (U+0E37) in font [lmmono8-regular]:!
Missing character: There is no อ (U+0E2D) in font [lmmono8-regular]:!
Missing character: There is no ไ (U+0E44) in font [lmmono8-regular]:!
Missing character: There is no ม (U+0E21) in font [lmmono8-regular]:!
Missing character: There is no ่ (U+0E48) in font [lmmono8-regular]:!
Missing character: There is no ป (U+0E1B) in font [lmmono8-regular]:!
Missing character: There is no ้ (U+0E49) in font [lmmono8-regular]:!
Missing character: There is no อ (U+0E2D) in font [lmmono8-regular]:!
Missing character: There is no ง (U+0E07) in font [lmmono8-regular]:!
Missing character: There is no ก (U+0E01) in font [lmmono8-regular]:!
Missing character: There is no ั (U+0E31) in font [lmmono8-regular]:!
Missing character: There is no น (U+0E19) in font [lmmono8-regular]:!
Missing character: There is no ก (U+0E01) in font [lmmono8-regular]:!
Missing character: There is no า (U+0E32) in font [lmmono8-regular]:!
Missing character: There is no ร (U+0E23) in font [lmmono8-regular]:!
Missing character: There is no เ (U+0E40) in font [lmmono8-regular]:!
Missing character: There is no ข (U+0E02) in font [lmmono8-regular]:!
Missing character: There is no ้ (U+0E49) in font [lmmono8-regular]:!
Missing character: There is no า (U+0E32) in font [lmmono8-regular]:!
Missing character: There is no ถ (U+0E16) in font [lmmono8-regular]:!
Missing character: There is no ึ (U+0E36) in font [lmmono8-regular]:!
Missing character: There is no ง (U+0E07) in font [lmmono8-regular]:!
Missing character: There is no ห (U+0E2B) in font [lmmono8-regular]:!
Missing character: There is no น (U+0E19) in font [lmmono8-regular]:!
Missing character: There is no ้ (U+0E49) in font [lmmono8-regular]:!
Missing character: There is no า (U+0E32) in font [lmmono8-regular]:!
Missing character: There is no ภ (U+0E20) in font [lmmono8-regular]:!
Missing character: There is no า (U+0E32) in font [lmmono8-regular]:!
Missing character: There is no ย (U+0E22) in font [lmmono8-regular]:!
Missing character: There is no ใ (U+0E43) in font [lmmono8-regular]:!
Missing character: There is no น (U+0E19) in font [lmmono8-regular]:!
Missing character: There is no ห (U+0E2B) in font [lmmono8-regular]:!
Missing character: There is no า (U+0E32) in font [lmmono8-regular]:!
Missing character: There is no ก (U+0E01) in font [lmmono8-regular]:!
Missing character: There is no ย (U+0E22) in font [lmmono8-regular]:!
Missing character: There is no ั (U+0E31) in font [lmmono8-regular]:!
Missing character: There is no ง (U+0E07) in font [lmmono8-regular]:!
Missing character: There is no ไ (U+0E44) in font [lmmono8-regular]:!
Missing character: There is no ม (U+0E21) in font [lmmono8-regular]:!
Missing character: There is no ่ (U+0E48) in font [lmmono8-regular]:!
Missing character: There is no ห (U+0E2B) in font [lmmono8-regular]:!
Missing character: There is no า (U+0E32) in font [lmmono8-regular]:!
Missing character: There is no ก (U+0E01) in font [lmmono8-regular]:!
Missing character: There is no ไ (U+0E44) in font [lmmono8-regular]:!
Missing character: There is no ม (U+0E21) in font [lmmono8-regular]:!
Missing character: There is no ่ (U+0E48) in font [lmmono8-regular]:!
Missing character: There is no ม (U+0E21) in font [lmmono8-regular]:!
Missing character: There is no ี (U+0E35) in font [lmmono8-regular]:!
Missing character: There is no ใ (U+0E43) in font [lmmono8-regular]:!
Missing character: There is no ห (U+0E2B) in font [lmmono8-regular]:!
Missing character: There is no ้ (U+0E49) in font [lmmono8-regular]:!
Missing character: There is no ไ (U+0E44) in font [lmmono8-regular]:!
Missing character: There is no ป (U+0E1B) in font [lmmono8-regular]:!
Missing character: There is no ห (U+0E2B) in font [lmmono8-regular]:!
Missing character: There is no น (U+0E19) in font [lmmono8-regular]:!
Missing character: There is no ้ (U+0E49) in font [lmmono8-regular]:!
Missing character: There is no า (U+0E32) in font [lmmono8-regular]:!
[122]
Missing character: There is no ต (U+0E15) in font [lmmono8-regular]:!
Missing character: There is no ร (U+0E23) in font [lmmono8-regular]:!
Missing character: There is no ว (U+0E27) in font [lmmono8-regular]:!
Missing character: There is no จ (U+0E08) in font [lmmono8-regular]:!
Missing character: There is no ส (U+0E2A) in font [lmmono8-regular]:!
Missing character: There is no อ (U+0E2D) in font [lmmono8-regular]:!
Missing character: There is no บ (U+0E1A) in font [lmmono8-regular]:!
Missing character: There is no ส (U+0E2A) in font [lmmono8-regular]:!
Missing character: There is no ิ (U+0E34) in font [lmmono8-regular]:!
Missing character: There is no ท (U+0E17) in font [lmmono8-regular]:!
Missing character: There is no ธ (U+0E18) in font [lmmono8-regular]:!
Missing character: There is no ิ (U+0E34) in font [lmmono8-regular]:!
Missing character: There is no ์ (U+0E4C) in font [lmmono8-regular]:!
Missing character: There is no ป (U+0E1B) in font [lmmono8-regular]:!
Missing character: There is no ฏ (U+0E0F) in font [lmmono8-regular]:!
Missing character: There is no ิ (U+0E34) in font [lmmono8-regular]:!
Missing character: There is no เ (U+0E40) in font [lmmono8-regular]:!
Missing character: There is no ส (U+0E2A) in font [lmmono8-regular]:!
Missing character: There is no ธ (U+0E18) in font [lmmono8-regular]:!
Missing character: There is no ก (U+0E01) in font [lmmono8-regular]:!
Missing character: There is no า (U+0E32) in font [lmmono8-regular]:!
Missing character: There is no ร (U+0E23) in font [lmmono8-regular]:!
Missing character: There is no เ (U+0E40) in font [lmmono8-regular]:!
Missing character: There is no ข (U+0E02) in font [lmmono8-regular]:!
Missing character: There is no ้ (U+0E49) in font [lmmono8-regular]:!
Missing character: There is no า (U+0E32) in font [lmmono8-regular]:!
Missing character: There is no ถ (U+0E16) in font [lmmono8-regular]:!
Missing character: There is no ึ (U+0E36) in font [lmmono8-regular]:!
Missing character: There is no ง (U+0E07) in font [lmmono8-regular]:!
Missing character: There is no ส (U+0E2A) in font [lmmono8-regular]:!
Missing character: There is no ำ (U+0E33) in font [lmmono8-regular]:!
Missing character: There is no ห (U+0E2B) in font [lmmono8-regular]:!
Missing character: There is no ร (U+0E23) in font [lmmono8-regular]:!
Missing character: There is no ั (U+0E31) in font [lmmono8-regular]:!
Missing character: There is no บ (U+0E1A) in font [lmmono8-regular]:!
Missing character: There is no ผ (U+0E1C) in font [lmmono8-regular]:!
Missing character: There is no ู (U+0E39) in font [lmmono8-regular]:!
Missing character: There is no ้ (U+0E49) in font [lmmono8-regular]:!
Missing character: There is no ด (U+0E14) in font [lmmono8-regular]:!
Missing character: There is no ู (U+0E39) in font [lmmono8-regular]:!
Missing character: There is no แ (U+0E41) in font [lmmono8-regular]:!
Missing character: There is no ล (U+0E25) in font [lmmono8-regular]:!
Missing character: There is no ร (U+0E23) in font [lmmono8-regular]:!
Missing character: There is no ะ (U+0E30) in font [lmmono8-regular]:!
Missing character: There is no บ (U+0E1A) in font [lmmono8-regular]:!
Missing character: There is no บ (U+0E1A) in font [lmmono8-regular]:!
Missing character: There is no เ (U+0E40) in font [lmmono8-regular]:!
Missing character: There is no ท (U+0E17) in font [lmmono8-regular]:!
Missing character: There is no ่ (U+0E48) in font [lmmono8-regular]:!
Missing character: There is no า (U+0E32) in font [lmmono8-regular]:!
Missing character: There is no น (U+0E19) in font [lmmono8-regular]:!
Missing character: There is no ั (U+0E31) in font [lmmono8-regular]:!
Missing character: There is no ้ (U+0E49) in font [lmmono8-regular]:!
Missing character: There is no น (U+0E19) in font [lmmono8-regular]:!
Missing character: There is no ก (U+0E01) in font [lmmono8-regular]:!
Missing character: There is no า (U+0E32) in font [lmmono8-regular]:!
Missing character: There is no ร (U+0E23) in font [lmmono8-regular]:!
Missing character: There is no จ (U+0E08) in font [lmmono8-regular]:!
Missing character: There is no ั (U+0E31) in font [lmmono8-regular]:!
Missing character: There is no ด (U+0E14) in font [lmmono8-regular]:!
Missing character: There is no ก (U+0E01) in font [lmmono8-regular]:!
Missing character: There is no า (U+0E32) in font [lmmono8-regular]:!
Missing character: There is no ร (U+0E23) in font [lmmono8-regular]:!
Missing character: There is no ฟ (U+0E1F) in font [lmmono8-regular]:!
Missing character: There is no อ (U+0E2D) in font [lmmono8-regular]:!
Missing character: There is no ร (U+0E23) in font [lmmono8-regular]:!
Missing character: There is no ์ (U+0E4C) in font [lmmono8-regular]:!
Missing character: There is no ม (U+0E21) in font [lmmono8-regular]:!
Missing character: There is no เ (U+0E40) in font [lmmono8-regular]:!
Missing character: There is no ข (U+0E02) in font [lmmono8-regular]:!
Missing character: There is no ้ (U+0E49) in font [lmmono8-regular]:!
Missing character: There is no า (U+0E32) in font [lmmono8-regular]:!
Missing character: There is no ส (U+0E2A) in font [lmmono8-regular]:!
Missing character: There is no ู (U+0E39) in font [lmmono8-regular]:!
Missing character: There is no ่ (U+0E48) in font [lmmono8-regular]:!
Missing character: There is no ร (U+0E23) in font [lmmono8-regular]:!
Missing character: There is no ะ (U+0E30) in font [lmmono8-regular]:!
Missing character: There is no บ (U+0E1A) in font [lmmono8-regular]:!
Missing character: There is no บ (U+0E1A) in font [lmmono8-regular]:!
Missing character: There is no ใ (U+0E43) in font [lmmono8-regular]:!
Missing character: There is no ช (U+0E0A) in font [lmmono8-regular]:!
Missing character: There is no ้ (U+0E49) in font [lmmono8-regular]:!
Missing character: There is no เ (U+0E40) in font [lmmono8-regular]:!
Missing character: There is no บ (U+0E1A) in font [lmmono8-regular]:!
Missing character: There is no อ (U+0E2D) in font [lmmono8-regular]:!
Missing character: There is no ร (U+0E23) in font [lmmono8-regular]:!
Missing character: There is no ์ (U+0E4C) in font [lmmono8-regular]:!
Missing character: There is no โ (U+0E42) in font [lmmono8-regular]:!
Missing character: There is no ท (U+0E17) in font [lmmono8-regular]:!
Missing character: There is no ร (U+0E23) in font [lmmono8-regular]:!
Missing character: There is no เ (U+0E40) in font [lmmono8-regular]:!
Missing character: There is no ป (U+0E1B) in font [lmmono8-regular]:!
Missing character: There is no ็ (U+0E47) in font [lmmono8-regular]:!
Missing character: There is no น (U+0E19) in font [lmmono8-regular]:!
Missing character: There is no ร (U+0E23) in font [lmmono8-regular]:!
Missing character: There is no ห (U+0E2B) in font [lmmono8-regular]:!
Missing character: There is no ั (U+0E31) in font [lmmono8-regular]:!
Missing character: There is no ส (U+0E2A) in font [lmmono8-regular]:!
Missing character: There is no ผ (U+0E1C) in font [lmmono8-regular]:!
Missing character: There is no ่ (U+0E48) in font [lmmono8-regular]:!
Missing character: There is no า (U+0E32) in font [lmmono8-regular]:!
Missing character: There is no น (U+0E19) in font [lmmono8-regular]:!
Missing character: There is no ส (U+0E2A) in font [lmmono8-regular]:!
Missing character: There is no ่ (U+0E48) in font [lmmono8-regular]:!
Missing character: There is no ง (U+0E07) in font [lmmono8-regular]:!
Missing character: There is no ไ (U+0E44) in font [lmmono8-regular]:!
Missing character: There is no ป (U+0E1B) in font [lmmono8-regular]:!
Missing character: There is no ย (U+0E22) in font [lmmono8-regular]:!
Missing character: There is no ั (U+0E31) in font [lmmono8-regular]:!
Missing character: There is no ง (U+0E07) in font [lmmono8-regular]:!
Missing character: There is no บ (U+0E1A) in font [lmmono8-regular]:!
Missing character: There is no ั (U+0E31) in font [lmmono8-regular]:!
Missing character: There is no น (U+0E19) in font [lmmono8-regular]:!
Missing character: There is no ท (U+0E17) in font [lmmono8-regular]:!
Missing character: There is no ึ (U+0E36) in font [lmmono8-regular]:!
Missing character: There is no ก (U+0E01) in font [lmmono8-regular]:!
Missing character: There is no ล (U+0E25) in font [lmmono8-regular]:!
Missing character: There is no ง (U+0E07) in font [lmmono8-regular]:!
Missing character: There is no ใ (U+0E43) in font [lmmono8-regular]:!
Missing character: There is no น (U+0E19) in font [lmmono8-regular]:!
Missing character: There is no ไ (U+0E44) in font [lmmono8-regular]:!
Missing character: There is no ป (U+0E1B) in font [lmmono8-regular]:!
Missing character: There is no ย (U+0E22) in font [lmmono8-regular]:!
Missing character: There is no ั (U+0E31) in font [lmmono8-regular]:!
Missing character: There is no ง (U+0E07) in font [lmmono8-regular]:!
Missing character: There is no ต (U+0E15) in font [lmmono8-regular]:!
Missing character: There is no า (U+0E32) in font [lmmono8-regular]:!
Missing character: There is no ม (U+0E21) in font [lmmono8-regular]:!
Missing character: There is no บ (U+0E1A) in font [lmmono8-regular]:!
Missing character: There is no ท (U+0E17) in font [lmmono8-regular]:!
Missing character: There is no บ (U+0E1A) in font [lmmono8-regular]:!
Missing character: There is no า (U+0E32) in font [lmmono8-regular]:!
Missing character: There is no ท (U+0E17) in font [lmmono8-regular]:!
Missing character: There is no แ (U+0E41) in font [lmmono8-regular]:!
Missing character: There is no ส (U+0E2A) in font [lmmono8-regular]:!
Missing character: There is no ด (U+0E14) in font [lmmono8-regular]:!
Missing character: There is no ง (U+0E07) in font [lmmono8-regular]:!
Missing character: There is no ข (U+0E02) in font [lmmono8-regular]:!
Missing character: There is no ้ (U+0E49) in font [lmmono8-regular]:!
Missing character: There is no อ (U+0E2D) in font [lmmono8-regular]:!
Missing character: There is no ค (U+0E04) in font [lmmono8-regular]:!
Missing character: There is no ว (U+0E27) in font [lmmono8-regular]:!
Missing character: There is no า (U+0E32) in font [lmmono8-regular]:!
Missing character: There is no ม (U+0E21) in font [lmmono8-regular]:!
Missing character: There is no แ (U+0E41) in font [lmmono8-regular]:!
Missing character: There is no จ (U+0E08) in font [lmmono8-regular]:!
Missing character: There is no ้ (U+0E49) in font [lmmono8-regular]:!
Missing character: There is no ง (U+0E07) in font [lmmono8-regular]:!
Missing character: There is no เ (U+0E40) in font [lmmono8-regular]:!
Missing character: There is no ต (U+0E15) in font [lmmono8-regular]:!
Missing character: There is no ื (U+0E37) in font [lmmono8-regular]:!
Missing character: There is no อ (U+0E2D) in font [lmmono8-regular]:!
Missing character: There is no น (U+0E19) in font [lmmono8-regular]:!
Missing character: There is no เ (U+0E40) in font [lmmono8-regular]:!
Missing character: There is no ม (U+0E21) in font [lmmono8-regular]:!
Missing character: There is no ื (U+0E37) in font [lmmono8-regular]:!
Missing character: There is no ่ (U+0E48) in font [lmmono8-regular]:!
Missing character: There is no อ (U+0E2D) in font [lmmono8-regular]:!
Missing character: There is no ล (U+0E25) in font [lmmono8-regular]:!
Missing character: There is no ้ (U+0E49) in font [lmmono8-regular]:!
Missing character: There is no ม (U+0E21) in font [lmmono8-regular]:!
Missing character: There is no เ (U+0E40) in font [lmmono8-regular]:!
Missing character: There is no ห (U+0E2B) in font [lmmono8-regular]:!
Missing character: There is no ล (U+0E25) in font [lmmono8-regular]:!
Missing character: There is no ว (U+0E27) in font [lmmono8-regular]:!
Missing character: There is no อ (U+0E2D) in font [lmmono8-regular]:!
Missing character: There is no ี (U+0E35) in font [lmmono8-regular]:!
Missing character: There is no เ (U+0E40) in font [lmmono8-regular]:!
Missing character: There is no ม (U+0E21) in font [lmmono8-regular]:!
Missing character: There is no ล (U+0E25) in font [lmmono8-regular]:!
Missing character: There is no ห (U+0E2B) in font [lmmono8-regular]:!
Missing character: There is no ร (U+0E23) in font [lmmono8-regular]:!
Missing character: There is no ื (U+0E37) in font [lmmono8-regular]:!
Missing character: There is no อ (U+0E2D) in font [lmmono8-regular]:!
Missing character: There is no เ (U+0E40) in font [lmmono8-regular]:!
Missing character: There is no บ (U+0E1A) in font [lmmono8-regular]:!
Missing character: There is no อ (U+0E2D) in font [lmmono8-regular]:!
Missing character: There is no ร (U+0E23) in font [lmmono8-regular]:!
Missing character: There is no ์ (U+0E4C) in font [lmmono8-regular]:!
Missing character: There is no โ (U+0E42) in font [lmmono8-regular]:!
Missing character: There is no ท (U+0E17) in font [lmmono8-regular]:!
Missing character: There is no ร (U+0E23) in font [lmmono8-regular]:!
Missing character: There is no ศ (U+0E28) in font [lmmono8-regular]:!
Missing character: There is no ั (U+0E31) in font [lmmono8-regular]:!
Missing character: There is no พ (U+0E1E) in font [lmmono8-regular]:!
Missing character: There is no ท (U+0E17) in font [lmmono8-regular]:!
Missing character: There is no ์ (U+0E4C) in font [lmmono8-regular]:!
Missing character: There is no ไ (U+0E44) in font [lmmono8-regular]:!
Missing character: There is no ม (U+0E21) in font [lmmono8-regular]:!
Missing character: There is no ่ (U+0E48) in font [lmmono8-regular]:!
Missing character: There is no ถ (U+0E16) in font [lmmono8-regular]:!
Missing character: There is no ู (U+0E39) in font [lmmono8-regular]:!
Missing character: There is no ก (U+0E01) in font [lmmono8-regular]:!
Missing character: There is no ต (U+0E15) in font [lmmono8-regular]:!
Missing character: There is no ้ (U+0E49) in font [lmmono8-regular]:!
Missing character: There is no อ (U+0E2D) in font [lmmono8-regular]:!
Missing character: There is no ง (U+0E07) in font [lmmono8-regular]:!
Missing character: There is no ด (U+0E14) in font [lmmono8-regular]:!
Missing character: There is no ึ (U+0E36) in font [lmmono8-regular]:!
Missing character: There is no ง (U+0E07) in font [lmmono8-regular]:!
Missing character: There is no ข (U+0E02) in font [lmmono8-regular]:!
Missing character: There is no ้ (U+0E49) in font [lmmono8-regular]:!
Missing character: There is no อ (U+0E2D) in font [lmmono8-regular]:!
Missing character: There is no ม (U+0E21) in font [lmmono8-regular]:!
Missing character: There is no ู (U+0E39) in font [lmmono8-regular]:!
Missing character: There is no ล (U+0E25) in font [lmmono8-regular]:!
Missing character: There is no ต (U+0E15) in font [lmmono8-regular]:!
Missing character: There is no า (U+0E32) in font [lmmono8-regular]:!
Missing character: There is no ร (U+0E23) in font [lmmono8-regular]:!
Missing character: There is no า (U+0E32) in font [lmmono8-regular]:!
Missing character: There is no ง (U+0E07) in font [lmmono8-regular]:!
Missing character: There is no เ (U+0E40) in font [lmmono8-regular]:!
Missing character: There is no ร (U+0E23) in font [lmmono8-regular]:!
Missing character: There is no ี (U+0E35) in font [lmmono8-regular]:!
Missing character: There is no ย (U+0E22) in font [lmmono8-regular]:!
Missing character: There is no น (U+0E19) in font [lmmono8-regular]:!
Missing character: There is no เ (U+0E40) in font [lmmono8-regular]:!
Missing character: There is no ม (U+0E21) in font [lmmono8-regular]:!
Missing character: There is no ื (U+0E37) in font [lmmono8-regular]:!
Missing character: There is no ่ (U+0E48) in font [lmmono8-regular]:!
Missing character: There is no อ (U+0E2D) in font [lmmono8-regular]:!
Missing character: There is no โ (U+0E42) in font [lmmono8-regular]:!
Missing character: There is no ห (U+0E2B) in font [lmmono8-regular]:!
Missing character: There is no ล (U+0E25) in font [lmmono8-regular]:!
Missing character: There is no ด (U+0E14) in font [lmmono8-regular]:!
Missing character: There is no ห (U+0E2B) in font [lmmono8-regular]:!
Missing character: There is no น (U+0E19) in font [lmmono8-regular]:!
Missing character: There is no ้ (U+0E49) in font [lmmono8-regular]:!
Missing character: There is no า (U+0E32) in font [lmmono8-regular]:!
Missing character: There is no เ (U+0E40) in font [lmmono8-regular]:!
Missing character: There is no ว (U+0E27) in font [lmmono8-regular]:!
Missing character: There is no ็ (U+0E47) in font [lmmono8-regular]:!
Missing character: There is no บ (U+0E1A) in font [lmmono8-regular]:!
Missing character: There is no ด (U+0E14) in font [lmmono8-regular]:!
Missing character: There is no ึ (U+0E36) in font [lmmono8-regular]:!
Missing character: There is no ง (U+0E07) in font [lmmono8-regular]:!
Missing character: There is no ข (U+0E02) in font [lmmono8-regular]:!
Missing character: There is no ้ (U+0E49) in font [lmmono8-regular]:!
Missing character: There is no อ (U+0E2D) in font [lmmono8-regular]:!
Missing character: There is no ม (U+0E21) in font [lmmono8-regular]:!
Missing character: There is no ู (U+0E39) in font [lmmono8-regular]:!
Missing character: There is no ล (U+0E25) in font [lmmono8-regular]:!
Missing character: There is no เ (U+0E40) in font [lmmono8-regular]:!
Missing character: There is no ท (U+0E17) in font [lmmono8-regular]:!
Missing character: There is no ร (U+0E23) in font [lmmono8-regular]:!
Missing character: There is no น (U+0E19) in font [lmmono8-regular]:!
Missing character: There is no เ (U+0E40) in font [lmmono8-regular]:!
Missing character: There is no น (U+0E19) in font [lmmono8-regular]:!
Missing character: There is no อ (U+0E2D) in font [lmmono8-regular]:!
Missing character: There is no ร (U+0E23) in font [lmmono8-regular]:!
Missing character: There is no ์ (U+0E4C) in font [lmmono8-regular]:!
Missing character: There is no แ (U+0E41) in font [lmmono8-regular]:!
Missing character: There is no ล (U+0E25) in font [lmmono8-regular]:!
Missing character: There is no ะ (U+0E30) in font [lmmono8-regular]:!
Missing character: There is no อ (U+0E2D) in font [lmmono8-regular]:!
Missing character: There is no ุ (U+0E38) in font [lmmono8-regular]:!
Missing character: There is no ป (U+0E1B) in font [lmmono8-regular]:!
Missing character: There is no ก (U+0E01) in font [lmmono8-regular]:!
Missing character: There is no ร (U+0E23) in font [lmmono8-regular]:!
Missing character: There is no ณ (U+0E13) in font [lmmono8-regular]:!
Missing character: There is no ์ (U+0E4C) in font [lmmono8-regular]:!
Missing character: There is no ฟ (U+0E1F) in font [lmmono8-regular]:!
Missing character: There is no ั (U+0E31) in font [lmmono8-regular]:!
Missing character: There is no ง (U+0E07) in font [lmmono8-regular]:!
Missing character: There is no ก (U+0E01) in font [lmmono8-regular]:!
Missing character: There is no ์ (U+0E4C) in font [lmmono8-regular]:!
Missing character: There is no ช (U+0E0A) in font [lmmono8-regular]:!
Missing character: There is no ั (U+0E31) in font [lmmono8-regular]:!
Missing character: There is no น (U+0E19) in font [lmmono8-regular]:!
Missing character: There is no ด (U+0E14) in font [lmmono8-regular]:!
Missing character: There is no ึ (U+0E36) in font [lmmono8-regular]:!
Missing character: There is no ง (U+0E07) in font [lmmono8-regular]:!
Missing character: There is no ข (U+0E02) in font [lmmono8-regular]:!
Missing character: There is no ้ (U+0E49) in font [lmmono8-regular]:!
Missing character: There is no อ (U+0E2D) in font [lmmono8-regular]:!
Missing character: There is no ม (U+0E21) in font [lmmono8-regular]:!
Missing character: There is no ู (U+0E39) in font [lmmono8-regular]:!
Missing character: There is no ล (U+0E25) in font [lmmono8-regular]:!
Missing character: There is no ต (U+0E15) in font [lmmono8-regular]:!
Missing character: There is no า (U+0E32) in font [lmmono8-regular]:!
Missing character: There is no ร (U+0E23) in font [lmmono8-regular]:!
Missing character: There is no า (U+0E32) in font [lmmono8-regular]:!
Missing character: There is no ง (U+0E07) in font [lmmono8-regular]:!
Missing character: There is no เ (U+0E40) in font [lmmono8-regular]:!
Missing character: There is no ร (U+0E23) in font [lmmono8-regular]:!
Missing character: There is no ี (U+0E35) in font [lmmono8-regular]:!
Missing character: There is no ย (U+0E22) in font [lmmono8-regular]:!
Missing character: There is no น (U+0E19) in font [lmmono8-regular]:!
Missing character: There is no เ (U+0E40) in font [lmmono8-regular]:!
Missing character: There is no ร (U+0E23) in font [lmmono8-regular]:!
Missing character: There is no ี (U+0E35) in font [lmmono8-regular]:!
Missing character: There is no ย (U+0E22) in font [lmmono8-regular]:!
Missing character: There is no ก (U+0E01) in font [lmmono8-regular]:!
Missing character: There is no เ (U+0E40) in font [lmmono8-regular]:!
Missing character: There is no พ (U+0E1E) in font [lmmono8-regular]:!
Missing character: There is no ื (U+0E37) in font [lmmono8-regular]:!
Missing character: There is no ่ (U+0E48) in font [lmmono8-regular]:!
Missing character: There is no อ (U+0E2D) in font [lmmono8-regular]:!
Missing character: There is no ด (U+0E14) in font [lmmono8-regular]:!
Missing character: There is no ึ (U+0E36) in font [lmmono8-regular]:!
Missing character: There is no ง (U+0E07) in font [lmmono8-regular]:!
Missing character: There is no ข (U+0E02) in font [lmmono8-regular]:!
Missing character: There is no ้ (U+0E49) in font [lmmono8-regular]:!
Missing character: There is no อ (U+0E2D) in font [lmmono8-regular]:!
Missing character: There is no ม (U+0E21) in font [lmmono8-regular]:!
Missing character: There is no ู (U+0E39) in font [lmmono8-regular]:!
Missing character: There is no ล (U+0E25) in font [lmmono8-regular]:!
Missing character: There is no ข (U+0E02) in font [lmmono8-regular]:!
Missing character: There is no อ (U+0E2D) in font [lmmono8-regular]:!
Missing character: There is no ง (U+0E07) in font [lmmono8-regular]:!
Missing character: There is no ว (U+0E27) in font [lmmono8-regular]:!
Missing character: There is no ั (U+0E31) in font [lmmono8-regular]:!
Missing character: There is no น (U+0E19) in font [lmmono8-regular]:!
Missing character: There is no น (U+0E19) in font [lmmono8-regular]:!
Missing character: There is no ี (U+0E35) in font [lmmono8-regular]:!
Missing character: There is no ้ (U+0E49) in font [lmmono8-regular]:!
[123]
Missing character: There is no แ (U+0E41) in font [lmmono8-regular]:!
Missing character: There is no ส (U+0E2A) in font [lmmono8-regular]:!
Missing character: There is no ด (U+0E14) in font [lmmono8-regular]:!
Missing character: There is no ง (U+0E07) in font [lmmono8-regular]:!
Missing character: There is no ผ (U+0E1C) in font [lmmono8-regular]:!
Missing character: There is no ล (U+0E25) in font [lmmono8-regular]:!
Missing character: There is no ข (U+0E02) in font [lmmono8-regular]:!
Missing character: There is no ้ (U+0E49) in font [lmmono8-regular]:!
Missing character: There is no อ (U+0E2D) in font [lmmono8-regular]:!
Missing character: There is no ม (U+0E21) in font [lmmono8-regular]:!
Missing character: There is no ู (U+0E39) in font [lmmono8-regular]:!
Missing character: There is no ล (U+0E25) in font [lmmono8-regular]:!
Missing character: There is no แ (U+0E41) in font [lmmono8-regular]:!
Missing character: There is no ส (U+0E2A) in font [lmmono8-regular]:!
Missing character: There is no ด (U+0E14) in font [lmmono8-regular]:!
Missing character: There is no ง (U+0E07) in font [lmmono8-regular]:!
Missing character: There is no ข (U+0E02) in font [lmmono8-regular]:!
Missing character: There is no ้ (U+0E49) in font [lmmono8-regular]:!
Missing character: There is no อ (U+0E2D) in font [lmmono8-regular]:!
Missing character: There is no ค (U+0E04) in font [lmmono8-regular]:!
Missing character: There is no ว (U+0E27) in font [lmmono8-regular]:!
Missing character: There is no า (U+0E32) in font [lmmono8-regular]:!
Missing character: There is no ม (U+0E21) in font [lmmono8-regular]:!
Missing character: There is no ใ (U+0E43) in font [lmmono8-regular]:!
Missing character: There is no น (U+0E19) in font [lmmono8-regular]:!
Missing character: There is no ต (U+0E15) in font [lmmono8-regular]:!
Missing character: There is no า (U+0E32) in font [lmmono8-regular]:!
Missing character: There is no ร (U+0E23) in font [lmmono8-regular]:!
Missing character: There is no า (U+0E32) in font [lmmono8-regular]:!
Missing character: There is no ง (U+0E07) in font [lmmono8-regular]:!
Missing character: There is no เ (U+0E40) in font [lmmono8-regular]:!
Missing character: There is no ก (U+0E01) in font [lmmono8-regular]:!
Missing character: There is no ิ (U+0E34) in font [lmmono8-regular]:!
Missing character: There is no ด (U+0E14) in font [lmmono8-regular]:!
Missing character: There is no ข (U+0E02) in font [lmmono8-regular]:!
Missing character: There is no ้ (U+0E49) in font [lmmono8-regular]:!
Missing character: There is no อ (U+0E2D) in font [lmmono8-regular]:!
Missing character: There is no ผ (U+0E1C) in font [lmmono8-regular]:!
Missing character: There is no ิ (U+0E34) in font [lmmono8-regular]:!
Missing character: There is no ด (U+0E14) in font [lmmono8-regular]:!
Missing character: There is no พ (U+0E1E) in font [lmmono8-regular]:!
Missing character: There is no ล (U+0E25) in font [lmmono8-regular]:!
Missing character: There is no า (U+0E32) in font [lmmono8-regular]:!
Missing character: There is no ด (U+0E14) in font [lmmono8-regular]:!
Missing character: There is no ใ (U+0E43) in font [lmmono8-regular]:!
Missing character: There is no น (U+0E19) in font [lmmono8-regular]:!
Missing character: There is no ก (U+0E01) in font [lmmono8-regular]:!
Missing character: There is no า (U+0E32) in font [lmmono8-regular]:!
Missing character: There is no ร (U+0E23) in font [lmmono8-regular]:!
Missing character: There is no โ (U+0E42) in font [lmmono8-regular]:!
Missing character: There is no ห (U+0E2B) in font [lmmono8-regular]:!
Missing character: There is no ล (U+0E25) in font [lmmono8-regular]:!
Missing character: There is no ด (U+0E14) in font [lmmono8-regular]:!
Missing character: There is no ข (U+0E02) in font [lmmono8-regular]:!
Missing character: There is no ้ (U+0E49) in font [lmmono8-regular]:!
Missing character: There is no อ (U+0E2D) in font [lmmono8-regular]:!
Missing character: There is no ม (U+0E21) in font [lmmono8-regular]:!
Missing character: There is no ู (U+0E39) in font [lmmono8-regular]:!
Missing character: There is no ล (U+0E25) in font [lmmono8-regular]:!
Missing character: There is no ฟ (U+0E1F) in font [lmmono8-regular]:!
Missing character: There is no ั (U+0E31) in font [lmmono8-regular]:!
Missing character: There is no ง (U+0E07) in font [lmmono8-regular]:!
Missing character: There is no ก (U+0E01) in font [lmmono8-regular]:!
Missing character: There is no ์ (U+0E4C) in font [lmmono8-regular]:!
Missing character: There is no ช (U+0E0A) in font [lmmono8-regular]:!
Missing character: There is no ั (U+0E31) in font [lmmono8-regular]:!
Missing character: There is no น (U+0E19) in font [lmmono8-regular]:!
Missing character: There is no แ (U+0E41) in font [lmmono8-regular]:!
Missing character: There is no ส (U+0E2A) in font [lmmono8-regular]:!
Missing character: There is no ด (U+0E14) in font [lmmono8-regular]:!
Missing character: There is no ง (U+0E07) in font [lmmono8-regular]:!
Missing character: There is no ผ (U+0E1C) in font [lmmono8-regular]:!
Missing character: There is no ล (U+0E25) in font [lmmono8-regular]:!
Missing character: There is no ต (U+0E15) in font [lmmono8-regular]:!
Missing character: There is no า (U+0E32) in font [lmmono8-regular]:!
Missing character: There is no ร (U+0E23) in font [lmmono8-regular]:!
Missing character: There is no า (U+0E32) in font [lmmono8-regular]:!
Missing character: There is no ง (U+0E07) in font [lmmono8-regular]:!
Missing character: There is no เ (U+0E40) in font [lmmono8-regular]:!
Missing character: There is no ร (U+0E23) in font [lmmono8-regular]:!
Missing character: There is no ี (U+0E35) in font [lmmono8-regular]:!
Missing character: There is no ย (U+0E22) in font [lmmono8-regular]:!
Missing character: There is no น (U+0E19) in font [lmmono8-regular]:!
Missing character: There is no ล (U+0E25) in font [lmmono8-regular]:!
Missing character: There is no ้ (U+0E49) in font [lmmono8-regular]:!
Missing character: There is no า (U+0E32) in font [lmmono8-regular]:!
Missing character: There is no ง (U+0E07) in font [lmmono8-regular]:!
Missing character: There is no ข (U+0E02) in font [lmmono8-regular]:!
Missing character: There is no ้ (U+0E49) in font [lmmono8-regular]:!
Missing character: There is no อ (U+0E2D) in font [lmmono8-regular]:!
Missing character: There is no ม (U+0E21) in font [lmmono8-regular]:!
Missing character: There is no ู (U+0E39) in font [lmmono8-regular]:!
Missing character: There is no ล (U+0E25) in font [lmmono8-regular]:!
Missing character: There is no เ (U+0E40) in font [lmmono8-regular]:!
Missing character: There is no ก (U+0E01) in font [lmmono8-regular]:!
Missing character: There is no ่ (U+0E48) in font [lmmono8-regular]:!
Missing character: There is no า (U+0E32) in font [lmmono8-regular]:!
Missing character: There is no แ (U+0E41) in font [lmmono8-regular]:!
Missing character: There is no ป (U+0E1B) in font [lmmono8-regular]:!
Missing character: There is no ล (U+0E25) in font [lmmono8-regular]:!
Missing character: There is no ง (U+0E07) in font [lmmono8-regular]:!
Missing character: There is no ว (U+0E27) in font [lmmono8-regular]:!
Missing character: There is no ั (U+0E31) in font [lmmono8-regular]:!
Missing character: There is no น (U+0E19) in font [lmmono8-regular]:!
Missing character: There is no ท (U+0E17) in font [lmmono8-regular]:!
Missing character: There is no ี (U+0E35) in font [lmmono8-regular]:!
Missing character: There is no ่ (U+0E48) in font [lmmono8-regular]:!
Missing character: There is no แ (U+0E41) in font [lmmono8-regular]:!
Missing character: There is no ล (U+0E25) in font [lmmono8-regular]:!
Missing character: There is no ะ (U+0E30) in font [lmmono8-regular]:!
Missing character: There is no เ (U+0E40) in font [lmmono8-regular]:!
Missing character: There is no ว (U+0E27) in font [lmmono8-regular]:!
Missing character: There is no ล (U+0E25) in font [lmmono8-regular]:!
Missing character: There is no า (U+0E32) in font [lmmono8-regular]:!
Missing character: There is no ใ (U+0E43) in font [lmmono8-regular]:!
Missing character: There is no ห (U+0E2B) in font [lmmono8-regular]:!
Missing character: There is no ้ (U+0E49) in font [lmmono8-regular]:!
Missing character: There is no เ (U+0E40) in font [lmmono8-regular]:!
Missing character: There is no ป (U+0E1B) in font [lmmono8-regular]:!
Missing character: There is no ็ (U+0E47) in font [lmmono8-regular]:!
Missing character: There is no น (U+0E19) in font [lmmono8-regular]:!
Missing character: There is no ร (U+0E23) in font [lmmono8-regular]:!
Missing character: There is no ู (U+0E39) in font [lmmono8-regular]:!
Missing character: There is no ป (U+0E1B) in font [lmmono8-regular]:!
Missing character: There is no แ (U+0E41) in font [lmmono8-regular]:!
Missing character: There is no บ (U+0E1A) in font [lmmono8-regular]:!
Missing character: There is no บ (U+0E1A) in font [lmmono8-regular]:!
Missing character: There is no ภ (U+0E20) in font [lmmono8-regular]:!
Missing character: There is no า (U+0E32) in font [lmmono8-regular]:!
Missing character: There is no ษ (U+0E29) in font [lmmono8-regular]:!
Missing character: There is no า (U+0E32) in font [lmmono8-regular]:!
Missing character: There is no ไ (U+0E44) in font [lmmono8-regular]:!
Missing character: There is no ท (U+0E17) in font [lmmono8-regular]:!
Missing character: There is no ย (U+0E22) in font [lmmono8-regular]:!
Missing character: There is no ต (U+0E15) in font [lmmono8-regular]:!
Missing character: There is no ร (U+0E23) in font [lmmono8-regular]:!
Missing character: There is no ว (U+0E27) in font [lmmono8-regular]:!
Missing character: There is no จ (U+0E08) in font [lmmono8-regular]:!
Missing character: There is no ส (U+0E2A) in font [lmmono8-regular]:!
Missing character: There is no อ (U+0E2D) in font [lmmono8-regular]:!
Missing character: There is no บ (U+0E1A) in font [lmmono8-regular]:!
Missing character: There is no ว (U+0E27) in font [lmmono8-regular]:!
Missing character: There is no ่ (U+0E48) in font [lmmono8-regular]:!
Missing character: There is no า (U+0E32) in font [lmmono8-regular]:!
Missing character: There is no เ (U+0E40) in font [lmmono8-regular]:!
Missing character: There is no ป (U+0E1B) in font [lmmono8-regular]:!
Missing character: There is no ็ (U+0E47) in font [lmmono8-regular]:!
Missing character: There is no น (U+0E19) in font [lmmono8-regular]:!
Missing character: There is no ข (U+0E02) in font [lmmono8-regular]:!
Missing character: There is no อ (U+0E2D) in font [lmmono8-regular]:!
Missing character: There is no ง (U+0E07) in font [lmmono8-regular]:!
Missing character: There is no เ (U+0E40) in font [lmmono8-regular]:!
Missing character: There is no ร (U+0E23) in font [lmmono8-regular]:!
Missing character: There is no า (U+0E32) in font [lmmono8-regular]:!
Missing character: There is no ห (U+0E2B) in font [lmmono8-regular]:!
Missing character: There is no ร (U+0E23) in font [lmmono8-regular]:!
Missing character: There is no ื (U+0E37) in font [lmmono8-regular]:!
Missing character: There is no อ (U+0E2D) in font [lmmono8-regular]:!
Missing character: There is no ไ (U+0E44) in font [lmmono8-regular]:!
Missing character: There is no ม (U+0E21) in font [lmmono8-regular]:!
Missing character: There is no ่ (U+0E48) in font [lmmono8-regular]:!
Missing character: There is no ไ (U+0E44) in font [lmmono8-regular]:!
Missing character: There is no ฮ (U+0E2E) in font [lmmono8-regular]:!
Missing character: There is no ไ (U+0E44) in font [lmmono8-regular]:!
Missing character: There is no ล (U+0E25) in font [lmmono8-regular]:!
Missing character: There is no ท (U+0E17) in font [lmmono8-regular]:!
Missing character: There is no ์ (U+0E4C) in font [lmmono8-regular]:!
Missing character: There is no แ (U+0E41) in font [lmmono8-regular]:!
Missing character: There is no ถ (U+0E16) in font [lmmono8-regular]:!
Missing character: There is no ว (U+0E27) in font [lmmono8-regular]:!
Missing character: There is no ท (U+0E17) in font [lmmono8-regular]:!
Missing character: There is no ี (U+0E35) in font [lmmono8-regular]:!
Missing character: There is no ่ (U+0E48) in font [lmmono8-regular]:!
Missing character: There is no เ (U+0E40) in font [lmmono8-regular]:!
Missing character: There is no ป (U+0E1B) in font [lmmono8-regular]:!
Missing character: There is no ็ (U+0E47) in font [lmmono8-regular]:!
Missing character: There is no น (U+0E19) in font [lmmono8-regular]:!
Missing character: There is no ร (U+0E23) in font [lmmono8-regular]:!
Missing character: There is no า (U+0E32) in font [lmmono8-regular]:!
Missing character: There is no ย (U+0E22) in font [lmmono8-regular]:!
Missing character: There is no ก (U+0E01) in font [lmmono8-regular]:!
Missing character: There is no า (U+0E32) in font [lmmono8-regular]:!
Missing character: There is no ร (U+0E23) in font [lmmono8-regular]:!
Missing character: There is no จ (U+0E08) in font [lmmono8-regular]:!
Missing character: There is no อ (U+0E2D) in font [lmmono8-regular]:!
Missing character: There is no ง (U+0E07) in font [lmmono8-regular]:!
Missing character: There is no ข (U+0E02) in font [lmmono8-regular]:!
Missing character: There is no อ (U+0E2D) in font [lmmono8-regular]:!
Missing character: There is no ง (U+0E07) in font [lmmono8-regular]:!
Missing character: There is no เ (U+0E40) in font [lmmono8-regular]:!
Missing character: There is no ร (U+0E23) in font [lmmono8-regular]:!
Missing character: There is no า (U+0E32) in font [lmmono8-regular]:!
Missing character: There is no ก (U+0E01) in font [lmmono8-regular]:!
Missing character: There is no ำ (U+0E33) in font [lmmono8-regular]:!
Missing character: There is no ห (U+0E2B) in font [lmmono8-regular]:!
Missing character: There is no น (U+0E19) in font [lmmono8-regular]:!
Missing character: There is no ด (U+0E14) in font [lmmono8-regular]:!
Missing character: There is no ข (U+0E02) in font [lmmono8-regular]:!
Missing character: There is no อ (U+0E2D) in font [lmmono8-regular]:!
Missing character: There is no ง (U+0E07) in font [lmmono8-regular]:!
Missing character: There is no ใ (U+0E43) in font [lmmono8-regular]:!
Missing character: There is no น (U+0E19) in font [lmmono8-regular]:!
Missing character: There is no ส (U+0E2A) in font [lmmono8-regular]:!
Missing character: There is no ภ (U+0E20) in font [lmmono8-regular]:!
Missing character: There is no า (U+0E32) in font [lmmono8-regular]:!
Missing character: There is no พ (U+0E1E) in font [lmmono8-regular]:!
Missing character: There is no แ (U+0E41) in font [lmmono8-regular]:!
Missing character: There is no ว (U+0E27) in font [lmmono8-regular]:!
Missing character: There is no ด (U+0E14) in font [lmmono8-regular]:!
Missing character: There is no ล (U+0E25) in font [lmmono8-regular]:!
Missing character: There is no ้ (U+0E49) in font [lmmono8-regular]:!
Missing character: There is no อ (U+0E2D) in font [lmmono8-regular]:!
Missing character: There is no ม (U+0E21) in font [lmmono8-regular]:!
Missing character: There is no ส (U+0E2A) in font [lmmono8-regular]:!
Missing character: There is no า (U+0E32) in font [lmmono8-regular]:!
Missing character: There is no ม (U+0E21) in font [lmmono8-regular]:!
Missing character: There is no า (U+0E32) in font [lmmono8-regular]:!
Missing character: There is no ร (U+0E23) in font [lmmono8-regular]:!
Missing character: There is no ถ (U+0E16) in font [lmmono8-regular]:!
Missing character: There is no เ (U+0E40) in font [lmmono8-regular]:!
Missing character: There is no ป (U+0E1B) in font [lmmono8-regular]:!
Missing character: There is no ล (U+0E25) in font [lmmono8-regular]:!
Missing character: There is no ี (U+0E35) in font [lmmono8-regular]:!
Missing character: There is no ่ (U+0E48) in font [lmmono8-regular]:!
Missing character: There is no ย (U+0E22) in font [lmmono8-regular]:!
Missing character: There is no น (U+0E19) in font [lmmono8-regular]:!
Missing character: There is no เ (U+0E40) in font [lmmono8-regular]:!
Missing character: There is no ป (U+0E1B) in font [lmmono8-regular]:!
Missing character: There is no ็ (U+0E47) in font [lmmono8-regular]:!
Missing character: There is no น (U+0E19) in font [lmmono8-regular]:!
Missing character: There is no ห (U+0E2B) in font [lmmono8-regular]:!
Missing character: There is no ร (U+0E23) in font [lmmono8-regular]:!
Missing character: There is no ื (U+0E37) in font [lmmono8-regular]:!
Missing character: There is no อ (U+0E2D) in font [lmmono8-regular]:!
Missing character: There is no ข (U+0E02) in font [lmmono8-regular]:!
Missing character: There is no อ (U+0E2D) in font [lmmono8-regular]:!
Missing character: There is no ง (U+0E07) in font [lmmono8-regular]:!
Missing character: There is no เ (U+0E40) in font [lmmono8-regular]:!
Missing character: There is no ซ (U+0E0B) in font [lmmono8-regular]:!
Missing character: There is no ิ (U+0E34) in font [lmmono8-regular]:!
Missing character: There is no ร (U+0E23) in font [lmmono8-regular]:!
Missing character: There is no ์ (U+0E4C) in font [lmmono8-regular]:!
Missing character: There is no ฟ (U+0E1F) in font [lmmono8-regular]:!
Missing character: There is no เ (U+0E40) in font [lmmono8-regular]:!
Missing character: There is no ว (U+0E27) in font [lmmono8-regular]:!
Missing character: There is no อ (U+0E2D) in font [lmmono8-regular]:!
Missing character: There is no ร (U+0E23) in font [lmmono8-regular]:!
Missing character: There is no ์ (U+0E4C) in font [lmmono8-regular]:!
Missing character: There is no จ (U+0E08) in font [lmmono8-regular]:!
Missing character: There is no ร (U+0E23) in font [lmmono8-regular]:!
Missing character: There is no ิ (U+0E34) in font [lmmono8-regular]:!
Missing character: There is no ง (U+0E07) in font [lmmono8-regular]:!
Missing character: There is no ไ (U+0E44) in font [lmmono8-regular]:!
Missing character: There is no ด (U+0E14) in font [lmmono8-regular]:!
Missing character: There is no ้ (U+0E49) in font [lmmono8-regular]:!
) [124] (./Term_Project_Document.aux)
 ***********
LaTeX2e <2025-11-01>
L3 programming layer <2026-01-19>
 ***********


LaTeX Warning: Label(s) may have changed. Rerun to get cross-references right.


Package rerunfilecheck Warning: File `Term_Project_Document.out' has changed.
(rerunfilecheck)                Rerun to get outlines right
(rerunfilecheck)                or use package `bookmark'.

Package rerunfilecheck Info: Checksums for `Term_Project_Document.out':
(rerunfilecheck)             Before: A98591D9E8EA26D5FA39F8B9887F0D84;50669
(rerunfilecheck)             After:  CD7F678E3FAC3CC573B91D930F20DDB5;52812.
 ) 
Here is how much of TeX's memory you used:
 28987 strings out of 468168
 608111 string characters out of 5432816
 1883556 words of memory out of 5000000
 57205 multiletter control sequences out of 15000+600000
 631057 words of font info for 80 fonts, out of 8000000 for 9000
 1348 hyphenation exceptions out of 8191
 84i,9n,94p,754b,1974s stack positions out of 10000i,1000n,20000p,200000b,200000s

Output written on Term_Project_Document.pdf (125 pages).
